clonotype_id,frequency,proportion,cdr3s_aa,cdr3s_nt
clonotype1,42,0.0429009193054,TRA:CAVMDSSYKLIF;TRB:CASSDGDRNEQFF,TRA:TGTGCTGTCATGGATAGCAGCTATAAATTGATCTTC;TRB:TGTGCCAGCAGTGACGGGGATCGCAATGAGCAGTTCTTC
clonotype2,41,0.0418794688458,TRA:CAMRDGALDDMRF;TRB:CASSTGNTGELFF,TRA:TGTGCAATGAGAGACGGGGCCCTGGATGACATGCGCTTT;TRB:TGTGCCAGCAGTACGGGGAACACCGGGGAGCTGTTTTTT
clonotype3,12,0.0122574055158,TRA:CAGGDTPTNAGKSTF;TRB:CASNRQGSTEAFF,TRA:TGTGCAGGAGGGGATACTCCCACCAATGCAGGCAAATCAACCTTT;TRB:TGTGCCAGTAACCGACAGGGAAGTACTGAAGCTTTCTTT
clonotype4,10,0.0102145045965,TRB:CASSDGDRNEQFF,TRB:TGTGCCAGCAGTGACGGGGATCGCAATGAGCAGTTCTTC
clonotype5,9,0.00919305413687,TRA:CAGGDTPTNAGKSTF;TRA:CAGKGGATNKLIF;TRB:CASNRQGSTEAFF,TRA:TGTGCAGGAGGGGATACTCCCACCAATGCAGGCAAATCAACCTTT;TRA:TGTGCAGGGAAGGGTGGTGCTACAAACAAGCTCATCTTT;TRB:TGTGCCAGTAACCGACAGGGAAGTACTGAAGCTTTCTTT
clonotype6,9,0.00919305413687,TRA:CAVTAPWGGNEKLTF;TRB:CASSPWDGGEYNEQFF,TRA:TGTGCTGTGACGGCCCCCTGGGGGGGAAATGAGAAATTAACCTTT;TRB:TGTGCCAGCAGCCCTTGGGACGGGGGCGAATACAATGAGCAGTTCTTC
clonotype9,8,0.00817160367722,TRA:CAMRGGAASKLTF;TRA:CVGGFGNEKLTF;TRB:CASSLYGARANEQFF,TRA:TGTGCAATGAGAGGTGGGGCTGCCAGTAAACTCACCTTT;TRA:TGTGTCGGGGGGTTTGGAAATGAGAAATTAACCTTT;TRB:TGTGCCAGCAGCTTATACGGGGCGAGGGCCAATGAGCAGTTCTTC
clonotype8,8,0.00817160367722,TRA:CAVMDSSYKLIF,TRA:TGTGCTGTCATGGATAGCAGCTATAAATTGATCTTC
clonotype7,8,0.00817160367722,TRA:CASPAFNKFYF;TRB:CASSYTLGTGALGQYF,TRA:TGTGCCTCCCCCGCCTTCAACAAATTTTACTTT;TRB:TGTGCCAGCAGCTATACTCTCGGGACAGGGGCCCTCGGGCAGTACTTC
clonotype11,6,0.00612870275792,TRA:CVVNVRGGYSTLTF;TRB:CASSIQGSTDTQYF,TRA:TGTGTGGTGAACGTACGGGGAGGATACAGCACCCTCACCTTT;TRB:TGTGCCAGTAGTATTCAGGGCAGCACAGATACGCAGTATTTT
clonotype10,6,0.00612870275792,TRB:CASSLWGVSTEAFF,TRB:TGTGCCAGCAGCTTGTGGGGCGTGTCCACTGAAGCTTTCTTT
clonotype13,5,0.00510725229826,TRA:CAASNEGGGGSQGNLIF;TRB:CASSPSGVQYEQYF,TRA:TGTGCAGCAAGTAACGAAGGAGGGGGAGGAAGCCAAGGAAATCTCATCTTT;TRB:TGTGCCAGCAGCCCCTCGGGGGTGCAATACGAGCAGTACTTC
clonotype12,5,0.00510725229826,TRA:CAVENYGGSQGNLIF;TRB:CASSLWGVSTEAFF,TRA:TGCGCTGTGGAGAATTATGGAGGAAGCCAAGGAAATCTCATCTTT;TRB:TGTGCCAGCAGCTTGTGGGGCGTGTCCACTGAAGCTTTCTTT
clonotype14,5,0.00510725229826,TRA:CATDTGGFKTIF;TRB:CASSYSRLNTGELFF,TRA:TGTGCTACGGATACTGGAGGCTTCAAAACTATCTTT;TRB:TGTGCCAGCAGTTACTCCCGTCTAAACACCGGGGAGCTGTTTTTT
clonotype20,4,0.00408580183861,TRA:CASYTGNQFYF;TRB:CSARDFGTGSYEQYF,TRA:TGTGCCTCTTACACCGGTAACCAGTTCTATTTT;TRB:TGCAGTGCTAGAGATTTCGGGACAGGCTCCTACGAGCAGTACTTC
clonotype19,4,0.00408580183861,TRA:CAEILDTGRRALTF;TRB:CAISERGARDEQYF,TRA:TGTGCAGAGATCCTGGACACGGGCAGGAGAGCACTTACTTTT;TRB:TGTGCCATCAGTGAGCGGGGGGCTAGGGACGAGCAGTACTTC
clonotype18,4,0.00408580183861,TRA:CAVYGQNFVF;TRB:CASSERGGPGNEQYF,TRA:TGCGCTGTCTATGGTCAGAATTTTGTCTTT;TRB:TGTGCCAGCAGTGAGCGGGGGGGCCCGGGAAACGAGCAGTACTTC
clonotype15,4,0.00408580183861,TRA:CAVRDQTGANNLFF;TRB:CASSLQGLSGANVLTF,TRA:TGTGCTGTGCGAGATCAAACTGGGGCAAACAACCTCTTCTTT;TRB:TGTGCCAGCAGCTTACAAGGGCTCTCTGGGGCCAACGTCCTGACTTTC
clonotype17,4,0.00408580183861,TRB:CASNRQGSTEAFF,TRB:TGTGCCAGTAACCGACAGGGAAGTACTGAAGCTTTCTTT
clonotype16,4,0.00408580183861,TRA:CATVETSGSRLTF;TRB:CASSPRGQSAGNTIYF,TRA:TGTGCTACGGTTGAAACCAGTGGCTCTAGGTTGACCTTT;TRB:TGTGCCAGCTCACCGCGTGGACAGTCGGCTGGAAACACCATATATTTT
clonotype24,3,0.00306435137896,TRA:CAYTPFNDMRF;TRB:CASSHRPYEQYF,TRA:TGTGCTTATACGCCTTTCAATGACATGCGCTTT;TRB:TGTGCCAGCAGCCACCGTCCCTACGAGCAGTACTTC
clonotype25,3,0.00306435137896,TRA:CAVNYGGSQGNLIF;TRB:CASSYKWTRVVDTQYF,TRA:TGTGCTGTGAATTATGGAGGAAGCCAAGGAAATCTCATCTTT;TRB:TGTGCCAGCAGTTACAAGTGGACTAGAGTAGTAGATACGCAGTATTTT
clonotype26,3,0.00306435137896,TRA:CAYRSAGLGQNFVF;TRB:CASSQRPGVNTGELFF,TRA:TGTGCTTATAGGAGCGCGGGCCTTGGTCAGAATTTTGTCTTT;TRB:TGTGCCAGCAGCCAAAGACCAGGGGTGAACACCGGGGAGCTGTTTTTT
clonotype27,3,0.00306435137896,TRA:CAENLSPFNKFYF,TRA:TGTGCAGAGAATCTCTCCCCCTTCAACAAATTTTACTTT
clonotype21,3,0.00306435137896,TRA:CAGFNNDMRF;TRB:CASSNGDYGYTF,TRA:TGTGCAGGATTTAACAATGACATGCGCTTT;TRB:TGTGCCAGCAGTAACGGAGACTATGGCTACACCTTC
clonotype22,3,0.00306435137896,TRA:CAVTPRGGFKTIF;TRB:CSAPHEQGQETQYF,TRA:TGTGCCGTGACGCCCCGCGGAGGCTTCAAAACTATCTTT;TRB:TGCAGTGCCCCTCACGAACAGGGCCAAGAGACCCAGTACTTC
clonotype23,3,0.00306435137896,TRB:CASSTGNTGELFF,TRB:TGTGCCAGCAGTACGGGGAACACCGGGGAGCTGTTTTTT
clonotype28,3,0.00306435137896,TRA:CAVNVWDTDKLIF;TRB:CAISETGSNEQYF,TRA:TGTGCCGTGAACGTATGGGACACCGACAAGCTCATCTTT;TRB:TGTGCCATCAGTGAGACAGGTTCCAACGAGCAGTACTTC
clonotype29,3,0.00306435137896,TRB:CASSVEVGTGFGNTIYF,TRB:TGTGCCAGCAGCGTAGAGGTTGGGACAGGGTTTGGAAACACCATATATTTT
clonotype42,2,0.00204290091931,TRB:CASSNGDYGYTF,TRB:TGTGCCAGCAGTAACGGAGACTATGGCTACACCTTC
clonotype43,2,0.00204290091931,TRA:CAGARIQGAQKLVF;TRA:CQAGGTSYGKLTF;TRB:CASSLKAFTGELFF,TRA:TGTCAAGCTGGTGGTACTAGCTATGGAAAGCTGACATTT;TRA:TGTGCAGGAGCCAGGATTCAGGGAGCCCAGAAGCTGGTATTT;TRB:TGTGCCAGCAGCTTAAAAGCGTTCACCGGGGAGCTGTTTTTT
clonotype40,2,0.00204290091931,TRA:CADRGSTLGRLYF;TRB:CASSLSLRGPKAEAFF,TRA:TGTGCGGACAGAGGCTCAACCCTGGGGAGGCTATACTTT;TRB:TGCGCCAGCAGCTTGTCCCTCCGGGGGCCAAAGGCTGAAGCTTTCTTT
clonotype41,2,0.00204290091931,TRA:CAGMDSNYQLIW;TRB:CATSRDFKGPDTQYF,TRA:TGTGCTGGGATGGATAGCAACTATCAGTTAATCTGG;TRB:TGTGCCACCAGCAGAGATTTTAAGGGGCCAGATACGCAGTATTTT
clonotype46,2,0.00204290091931,TRA:CAYRSSGTYKYIF,TRA:TGTGCTTATAGGAGCTCAGGAACCTACAAATACATCTTT
clonotype47,2,0.00204290091931,TRA:CAATSKTSYDKVIF;TRB:CASSYSSGFYGYTF,TRA:TGTGCAGCAACCTCGAAAACCTCCTACGACAAGGTGATATTT;TRB:TGTGCCAGCAGTTACTCATCAGGGTTCTATGGCTACACCTTC
clonotype44,2,0.00204290091931,TRB:CSVADRGGNQPQHF,TRB:TGCAGCGTGGCGGACAGGGGAGGCAATCAGCCCCAGCATTTT
clonotype45,2,0.00204290091931,TRA:CVVNPSPNFNKFYF;TRB:CASSHYGYTF;TRB:CASTRGGSNSPLHF,TRA:TGTGTGGTGAACCCCTCCCCCAACTTCAACAAATTTTACTTT;TRB:TGTGCCAGCAGTCACTATGGCTACACCTTC;TRB:TGTGCCAGTACGAGGGGGGGCTCAAATTCACCCCTCCACTTT
clonotype48,2,0.00204290091931,TRA:CAVRDGAAGNKLTF;TRB:CASSVGAGQGGSPLHF,TRA:TGTGCTGTGAGAGATGGAGCTGCAGGCAACAAGCTAACTTTT;TRB:TGTGCCAGCAGCGTAGGTGCGGGACAGGGCGGTTCACCCCTCCACTTT
clonotype49,2,0.00204290091931,TRA:CAASGGSYIPTF;TRB:CASRTGRSSYNEQFF,TRA:TGTGCAGCATCTGGAGGAAGCTACATACCTACATTT;TRB:TGTGCCAGTAGGACAGGTCGGAGCTCCTACAATGAGCAGTTCTTC
clonotype79,2,0.00204290091931,TRA:CLVDSFSGGYNKLIF;TRB:CASSSGTGTGGYTF,TRA:TGCCTCGTGGACTCGTTTTCTGGTGGCTACAATAAGCTGATTTTT;TRB:TGTGCCAGCAGCTCCGGGACAGGGACCGGAGGCTACACCTTC
clonotype78,2,0.00204290091931,TRA:CAENIRGGATNKLIF;TRB:CSAEVAGGQGEQFF,TRA:TGTGCAGAGAATATTAGGGGTGGTGCTACAAACAAGCTCATCTTT;TRB:TGCAGTGCTGAAGTAGCGGGAGGTCAGGGGGAGCAGTTCTTC
clonotype73,2,0.00204290091931,TRA:CAMRGGAASKLTF,TRA:TGTGCAATGAGAGGTGGGGCTGCCAGTAAACTCACCTTT
clonotype72,2,0.00204290091931,TRA:CAGFNNDMRF,TRA:TGTGCAGGATTTAACAATGACATGCGCTTT
clonotype71,2,0.00204290091931,TRA:CAHTTGNQFYF;TRB:CAISESTGMSTEAFF,TRA:TGTGCCCACACTACCGGTAACCAGTTCTATTTT;TRB:TGTGCCATCAGTGAGTCGACGGGAATGAGCACTGAAGCTTTCTTT
clonotype70,2,0.00204290091931,TRA:CAVGDNFNKFYF;TRB:CASSRTSATGELFF,TRA:TGTGCTGTGGGGGACAACTTCAACAAATTTTACTTT;TRB:TGTGCCAGCAGTAGGACAAGCGCCACCGGGGAGCTGTTTTTT
clonotype77,2,0.00204290091931,TRA:CAAGWGKLQF;TRB:CASSPGQDANTEAFF,TRA:TGTGCAGCGGGCTGGGGGAAATTGCAGTTT;TRB:TGTGCCAGCAGTCCGGGACAGGACGCGAACACTGAAGCTTTCTTT
clonotype76,2,0.00204290091931,TRA:CAYRSALMKNSGYALNF;TRB:CASRDQWNTEAFF,TRA:TGTGCTTATAGGAGCGCGTTAATGAAAAATTCCGGGTATGCACTCAACTTC;TRB:TGCGCCAGCAGAGACCAGTGGAACACTGAAGCTTTCTTT
clonotype75,2,0.00204290091931,TRB:CASSESYSYYEQYF,TRB:TGTGCCAGCAGTGAATCGTACAGTTACTACGAGCAGTACTTC
clonotype74,2,0.00204290091931,TRB:CSVEDPKAGNTIYF,TRB:TGCAGCGTTGAAGATCCCAAGGCTGGAAACACCATATATTTT
clonotype81,2,0.00204290091931,TRA:CAASAASGTYKYIF;TRB:CASRGEIGKLFF,TRA:TGTGCAGCAAGCGCCGCCTCAGGAACCTACAAATACATCTTT;TRB:TGTGCCAGCAGAGGGGAGATAGGAAAACTGTTTTTT
clonotype37,2,0.00204290091931,TRB:CASSFQQGGLAKNIQYF,TRB:TGTGCCAGTAGTTTCCAACAGGGGGGTCTAGCCAAAAACATTCAGTACTTC
clonotype36,2,0.00204290091931,TRA:CAPSLPSGYALNF;TRB:CATSSRQGTDTQYF,TRA:TGTGCTCCCTCCCTTCCGTCCGGGTATGCACTCAACTTC;TRB:TGTGCCACCAGCAGTCGACAGGGAACAGATACGCAGTATTTT
clonotype35,2,0.00204290091931,TRA:CAMRDGALDDMRF,TRA:TGTGCAATGAGAGACGGGGCCCTGGATGACATGCGCTTT
clonotype34,2,0.00204290091931,TRA:CAYGDWNNNARLMF;TRB:CASSLSRSYEQYF,TRA:TGTGCTTATGGGGACTGGAATAACAATGCCAGACTCATGTTT;TRB:TGTGCCAGCAGCTTATCTAGAAGCTACGAGCAGTACTTC
clonotype33,2,0.00204290091931,TRA:CAVNILGNTGNQFYF;TRB:CSARRLGPGTLYEQYF,TRA:TGTGCCGTGAACATTTTGGGGAACACCGGTAACCAGTTCTATTTT;TRB:TGCAGTGCTCGGAGGCTAGGCCCCGGTACACTCTACGAGCAGTACTTC
clonotype32,2,0.00204290091931,TRA:CAYRTPTGANNLFF;TRB:CASSDAGFGQPQHF,TRA:TGTGCTTATAGGACCCCAACTGGGGCAAACAACCTCTTCTTT;TRB:TGTGCCAGCAGTGATGCGGGGTTCGGTCAGCCCCAGCATTTT
clonotype31,2,0.00204290091931,TRA:CAHVWGDEKLTF;TRB:CASSLGDPNYGYTF,TRA:TGTGCTCATGTTTGGGGGGATGAGAAATTAACCTTT;TRB:TGTGCCAGCAGCTTAGGGGACCCGAACTATGGCTACACCTTC
clonotype30,2,0.00204290091931,TRA:CAVQDAGGGNKLTF;TRB:CAWSPGGGAEAFF,TRA:TGTGCTGTGCAGGACGCGGGAGGAGGAAACAAACTCACCTTT;TRB:TGTGCCTGGAGTCCTGGGGGGGGGGCTGAAGCTTTCTTT
clonotype39,2,0.00204290091931,TRA:CAGKGGATNKLIF;TRB:CASNRQGSTEAFF,TRA:TGTGCAGGGAAGGGTGGTGCTACAAACAAGCTCATCTTT;TRB:TGTGCCAGTAACCGACAGGGAAGTACTGAAGCTTTCTTT
clonotype38,2,0.00204290091931,TRA:CAVYSGGYQKVTF;TRB:CASSYRGDTEAFF,TRA:TGTGCCGTTTATTCTGGGGGTTACCAGAAAGTTACCTTT;TRB:TGTGCCAGCTCCTACAGGGGGGACACTGAAGCTTTCTTT
clonotype82,2,0.00204290091931,TRA:CAYIYGDSNYQLIW;TRB:CASSVGEAFF,TRA:TGTGCTTATATTTACGGGGATAGCAACTATCAGTTAATCTGG;TRB:TGTGCCAGCAGTGTGGGTGAAGCTTTCTTT
clonotype80,2,0.00204290091931,TRB:CASSDAGFGQPQHF,TRB:TGTGCCAGCAGTGATGCGGGGTTCGGTCAGCCCCAGCATTTT
clonotype68,2,0.00204290091931,TRA:CAKRGSSNTGKLIF;TRB:CASSLGGGFTGELFF,TRA:TGTGCTAAAAGGGGCTCTAGCAACACAGGCAAACTAATCTTT;TRB:TGTGCCAGCAGCCTGGGGGGGGGCTTTACCGGGGAGCTGTTTTTT
clonotype69,2,0.00204290091931,TRA:CAVGDQAGTALIF;TRB:CSARVAPSYNEQFF,TRA:TGTGCTGTGGGGGACCAGGCAGGAACTGCTCTGATCTTT;TRB:TGCAGTGCTAGAGTCGCTCCCTCCTACAATGAGCAGTTCTTC
clonotype60,2,0.00204290091931,TRA:CALARGQNFVF;TRB:CASSLILLYGYTF,TRA:TGTGCTCTGGCCCGGGGTCAGAATTTTGTCTTT;TRB:TGTGCCAGCAGCTTAATCCTTCTCTATGGCTACACCTTC
clonotype61,2,0.00204290091931,TRB:CASSPRSGSSSYNSPLHF,TRB:TGTGCCAGCAGTCCCCGGAGCGGGTCGAGCTCCTATAATTCACCCCTCCACTTT
clonotype62,2,0.00204290091931,TRA:CAESRPGRRALTF;TRB:CASSKGLAGGGHEQFF,TRA:TGTGCAGAGAGCCGACCGGGCAGGAGAGCACTTACTTTT;TRB:TGCGCCAGCAGTAAGGGACTAGCGGGAGGAGGGCATGAGCAGTTCTTC
clonotype63,2,0.00204290091931,TRA:CAASGGSYIPTF;TRB:CASIYRVGTGYQETQYF;TRB:CASRTGRSSYNEQFF,TRA:TGTGCAGCATCTGGAGGAAGCTACATACCTACATTT;TRB:TGTGCCAGCATTTACCGGGTGGGGACGGGATACCAAGAGACCCAGTACTTC;TRB:TGTGCCAGTAGGACAGGTCGGAGCTCCTACAATGAGCAGTTCTTC
clonotype64,2,0.00204290091931,TRB:CASSYTLGTGALGQYF,TRB:TGTGCCAGCAGCTATACTCTCGGGACAGGGGCCCTCGGGCAGTACTTC
clonotype65,2,0.00204290091931,TRA:CAFMMNNNARLMF;TRB:CASSIQGILNYGYTF,TRA:TGTGCTTTCATGATGAATAACAATGCCAGACTCATGTTT;TRB:TGTGCCAGCAGCATCCAGGGGATTCTAAACTATGGCTACACCTTC
clonotype66,2,0.00204290091931,TRA:CVVSDGNRDDKIIF;TRB:CASSAQDNEKLFF;TRB:CVRGTGISDTQYF,TRA:TGTGTTGTGAGTGATGGGAACAGAGATGACAAGATCATCTTT;TRB:TGTGCCAGCAGTGCCCAGGATAATGAAAAACTGTTTTTT;TRB:TGTGTGAGGGGGACAGGGATATCAGATACGCAGTATTTT
clonotype67,2,0.00204290091931,TRA:CAVRDTGFQKLVF;TRB:CSARDLLLVEQFF,TRA:TGTGCTGTGCGGGACACAGGCTTTCAGAAACTTGTATTT;TRB:TGCAGTGCTAGAGATTTGTTACTTGTTGAGCAGTTCTTC
clonotype59,2,0.00204290091931,TRB:CASSEAIGGTDTQYF,TRB:TGTGCCAGCAGTGAAGCGATCGGCGGCACAGATACGCAGTATTTT
clonotype58,2,0.00204290091931,TRA:CAGGDTPTNAGKSTF,TRA:TGTGCAGGAGGGGATACTCCCACCAATGCAGGCAAATCAACCTTT
clonotype55,2,0.00204290091931,TRB:CASSYSRLNTGELFF,TRB:TGTGCCAGCAGTTACTCCCGTCTAAACACCGGGGAGCTGTTTTTT
clonotype54,2,0.00204290091931,TRA:CIVRVPRITDKLIF;TRB:CASSFGDNEQFF,TRA:TGCATCGTCAGAGTCCCCCGGATCACCGACAAGCTCATCTTT;TRB:TGTGCCAGCAGTTTCGGGGATAATGAGCAGTTCTTC
clonotype57,2,0.00204290091931,TRA:CATDSGYSTLTF;TRB:CASSLTALGTEAFF,TRA:TGTGCTACGGACTCAGGATACAGCACCCTCACCTTT;TRB:TGTGCCAGCAGCTTGACCGCCCTGGGGACTGAAGCTTTCTTT
clonotype56,2,0.00204290091931,TRB:CSAPGTGAGKGTQYF,TRB:TGCAGTGCTCCGGGGACAGGGGCCGGCAAGGGTACGCAGTATTTT
clonotype51,2,0.00204290091931,TRA:CAYRPPIQGAQKLVF;TRB:CAISTGGNYGYTF,TRA:TGTGCTTATAGGCCTCCAATTCAGGGAGCCCAGAAGCTGGTATTT;TRB:TGCGCCATTTCCACAGGGGGAAACTATGGCTACACCTTC
clonotype50,2,0.00204290091931,TRB:CASSLGGYNNEQFF,TRB:TGTGCCAGCAGCTTGGGCGGGTACAACAATGAGCAGTTCTTC
clonotype53,2,0.00204290091931,TRA:CAFTNAGGTSYGKLTF,TRA:TGTGCCTTTACTAATGCTGGTGGTACTAGCTATGGAAAGCTGACATTT
clonotype52,2,0.00204290091931,TRB:CASSLSWGAGANVLTF,TRB:TGTGCCAGCAGTTTATCTTGGGGAGCTGGGGCCAACGTCCTGACTTTC
clonotype426,1,0.00102145045965,TRB:CASTSQMNTEAFF,TRB:TGTGCCAGTACTTCGCAAATGAACACTGAAGCTTTCTTT
clonotype345,1,0.00102145045965,TRA:CAENNQAGTALIF;TRA:CEGELTGGGNKLTF;TRB:CASSLDLGGWNTEAFF,TRA:TGTGAAGGGGAACTCACGGGAGGAGGAAACAAACTCACCTTT;TRA:TGTGCAGAGAATAACCAGGCAGGAACTGCTCTGATCTTT;TRB:TGTGCCAGCAGCTTAGATCTAGGGGGTTGGAACACTGAAGCTTTCTTT
clonotype347,1,0.00102145045965,TRB:CASSYRGDTEAFF,TRB:TGTGCCAGCTCCTACAGGGGGGACACTGAAGCTTTCTTT
clonotype139,1,0.00102145045965,TRB:CASSPQGGRSGYTF,TRB:TGTGCCAGCAGTCCACAGGGGGGCAGGTCTGGCTACACCTTC
clonotype138,1,0.00102145045965,TRB:CASSPDPGQHNSPLHF,TRB:TGTGCCAGCAGCCCCGACCCGGGACAGCATAATTCACCCCTCCACTTT
clonotype137,1,0.00102145045965,TRA:CAMRRDGGTSYGKLTF;TRB:CASSGGLAGPTYNEQFF,TRA:TGTGCAATGAGGAGAGATGGTGGTACTAGCTATGGAAAGCTGACATTT;TRB:TGCGCCAGCAGCGGGGGGCTAGCGGGCCCGACTTACAATGAGCAGTTCTTC
clonotype136,1,0.00102145045965,TRA:CAVQAGWDSGNTPLVF;TRB:CASSSDVNTEAFF,TRA:TGTGCTGTGCAGGCCGGGTGGGATTCAGGAAACACACCTCTTGTCTTT;TRB:TGTGCCAGCAGCTCGGACGTGAACACTGAAGCTTTCTTT
clonotype135,1,0.00102145045965,TRA:CATPRAGNMLTF;TRB:CSARGAGETQYF,TRA:TGTGCTACGCCCCGGGCAGGCAACATGCTCACCTTT;TRB:TGCAGTGCTAGAGGGGCAGGAGAGACCCAGTACTTC
clonotype134,1,0.00102145045965,TRA:CAYRSARGGSSNTGKLIF;TRB:CSARDRNTLSSYNSPLHF,TRA:TGTGCTTATAGGAGCGCGAGAGGTGGCTCTAGCAACACAGGCAAACTAATCTTT;TRB:TGCAGTGCTAGAGATCGTAACACGCTGAGCTCCTATAATTCACCCCTCCACTTT
clonotype133,1,0.00102145045965,TRA:CAASKGNAGKSTF;TRB:CASSPTGNYGYTF,TRA:TGTGCAGCAAGTAAGGGAAATGCAGGCAAATCAACCTTT;TRB:TGTGCCAGCAGCCCCACAGGGAACTATGGCTACACCTTC
clonotype132,1,0.00102145045965,TRA:CAMRGSLRGNKLTF;TRA:CAVRDYSSASKIIF;TRB:CASSVLQGGDEQFF,TRA:TGTGCAATGAGAGGGTCCTTAAGAGGAAACAAACTCACCTTT;TRA:TGTGCTGTGAGAGACTACAGCAGTGCTTCCAAGATAATCTTT;TRB:TGTGCCAGCAGCGTCCTACAGGGTGGCGATGAGCAGTTCTTC
clonotype131,1,0.00102145045965,TRB:CSARDFGTGSYEQYF,TRB:TGCAGTGCTAGAGATTTCGGGACAGGCTCCTACGAGCAGTACTTC
clonotype130,1,0.00102145045965,TRA:CAVSQASNTGKLIF;TRB:CAISAFLQGAIRYEQYF,TRA:TGTGCTGTCTCTCAGGCTAGCAACACAGGCAAACTAATCTTT;TRB:TGTGCCATCAGTGCTTTTCTTCAGGGGGCAATTCGCTACGAGCAGTACTTC
clonotype379,1,0.00102145045965,TRA:CAVNVGWGNNARLMF;TRB:CASSLGQGGMNEQFF,TRA:TGTGCCGTGAACGTAGGATGGGGAAACAATGCCAGACTCATGTTT;TRB:TGCGCCAGCAGCCTGGGACAGGGGGGGATGAATGAGCAGTTCTTC
clonotype473,1,0.00102145045965,TRA:CAVRQAAGNKLTF;TRB:CASSQIGVLSREQYF,TRA:TGTGCCGTGAGGCAAGCTGCAGGCAACAAGCTAACTTTT;TRB:TGTGCCAGCAGTCAAATTGGGGTCCTCTCACGAGAGCAGTACTTC
clonotype229,1,0.00102145045965,TRA:CAVEDKDSNYQLIW;TRB:CASRPAGTGEAGYTF,TRA:TGTGCTGTGGAGGATAAGGATAGCAACTATCAGTTAATCTGG;TRB:TGTGCCAGCAGGCCAGCTGGGACAGGGGAAGCTGGCTACACCTTC
clonotype228,1,0.00102145045965,TRA:CAASREGKLIF;TRB:CASSAAATGHSYEQYF,TRA:TGTGCAGCAAGTAGGGAAGGAAAGCTTATCTTC;TRB:TGTGCCAGCAGTGCCGCGGCGACAGGGCACTCCTACGAGCAGTACTTC
clonotype222,1,0.00102145045965,TRA:CVGGFGNEKLTF;TRB:CASSLYGARANEQFF,TRA:TGTGTCGGGGGGTTTGGAAATGAGAAATTAACCTTT;TRB:TGTGCCAGCAGCTTATACGGGGCGAGGGCCAATGAGCAGTTCTTC
clonotype220,1,0.00102145045965,TRA:CALRNAGNMLTF;TRB:CASSLASRASYEQYF,TRA:TGTGCCCTCCGAAATGCAGGCAACATGCTCACCTTT;TRB:TGTGCCAGCAGTTTAGCGTCCAGGGCCTCCTACGAGCAGTACTTC
clonotype227,1,0.00102145045965,TRA:CALSPLNSGGYQKVTF;TRB:CSARRAGGGYTF,TRA:TGTGCTCTGAGTCCACTGAATTCTGGGGGTTACCAGAAAGTTACCTTT;TRB:TGCAGTGCTAGAAGGGCAGGGGGAGGCTACACCTTC
clonotype226,1,0.00102145045965,TRA:CAASGGSQGNLIF;TRB:CASSDLGVAETQYF,TRA:TGTGCAGCAAGCGGAGGAAGCCAAGGAAATCTCATCTTT;TRB:TGTGCCAGCAGCGACTTGGGGGTCGCGGAGACCCAGTACTTC
clonotype322,1,0.00102145045965,TRA:CAYLGQGAQKLVF;TRB:CASSEAGGSGETQYF,TRA:TGTGCTTATCTGGGACAGGGAGCCCAGAAGCTGGTATTT;TRB:TGCGCCAGCAGTGAGGCGGGAGGATCGGGGGAGACCCAGTACTTC
clonotype248,1,0.00102145045965,TRA:CAVSPEGAGNMLTF;TRA:CVVNGGGATNKLIF;TRB:CSASGSFYGYTF,TRA:TGCGCTGTGAGCCCCGAGGGTGCAGGCAACATGCTCACCTTT;TRA:TGTGTGGTGAACGGAGGGGGTGCTACAAACAAGCTCATCTTT;TRB:TGCAGTGCTAGTGGTAGCTTCTATGGCTACACCTTC
clonotype458,1,0.00102145045965,TRA:CALWGLSSGSARQLTF;TRB:CASSVQGAANQPQHF,TRA:TGTGCTCTGTGGGGTCTTTCTTCTGGTTCTGCAAGGCAACTGACCTTT;TRB:TGTGCCAGCAGTGTACAGGGGGCAGCCAATCAGCCCCAGCATTTT
clonotype459,1,0.00102145045965,TRA:CAMSAYNNNDMRF;TRB:CASSSMGPSGSSYNEQFF,TRA:TGTGCAATGAGCGCCTACAATAACAATGACATGCGCTTT;TRB:TGTGCCAGCTCAAGCATGGGGCCTAGCGGGAGCTCCTACAATGAGCAGTTCTTC
clonotype450,1,0.00102145045965,TRA:CAVEEGDYKLSF;TRB:CASSPGTGGNEQFF,TRA:TGTGCTGTCGAAGAGGGCGACTACAAGCTCAGCTTT;TRB:TGTGCCAGCAGCCCGGGGACAGGGGGCAATGAGCAGTTCTTC
clonotype451,1,0.00102145045965,TRB:CASRPRGPNTGELFF,TRB:TGTGCCAGCAGACCGCGGGGACCGAACACCGGGGAGCTGTTTTTT
clonotype452,1,0.00102145045965,TRA:CAVVDSNYQLIW;TRB:CASSLKTGTGANVLTF,TRA:TGTGCTGTGGTGGATAGCAACTATCAGTTAATCTGG;TRB:TGTGCCAGCAGCCTAAAGACAGGGACTGGGGCCAACGTCCTGACTTTC
clonotype453,1,0.00102145045965,TRA:CAASIYSGNTPLVF;TRA:CARVMNYGGSQGNLIF;TRB:CASSMGRKPNYGYTF,TRA:TGTGCAGCAAGCATCTACTCAGGAAACACACCTCTTGTCTTT;TRA:TGTGCTCGTGTCATGAATTATGGAGGAAGCCAAGGAAATCTCATCTTT;TRB:TGTGCCAGTAGTATGGGAAGGAAACCTAACTATGGCTACACCTTC
clonotype454,1,0.00102145045965,TRB:CASSPKNYGYTF,TRB:TGTGCCAGCTCACCAAAAAACTATGGCTACACCTTC
clonotype455,1,0.00102145045965,TRA:CAEGGNTGKLIF;TRB:CSVERGGLGYTF,TRA:TGTGCAGAGGGGGGCAACACAGGCAAACTAATCTTT;TRB:TGCAGCGTTGAGAGGGGGGGCCTTGGCTACACCTTC
clonotype456,1,0.00102145045965,TRA:CATPSGYGGSQGNLIF;TRB:CASSQGPSRTTNEQFF,TRA:TGTGCTACCCCCTCGGGTTATGGAGGAAGCCAAGGAAATCTCATCTTT;TRB:TGCGCCAGCAGCCAAGGGCCTTCGCGGACCACCAATGAGCAGTTCTTC
clonotype457,1,0.00102145045965,TRA:CILRDVGSGYSTLTF;TRB:CASSLARDYNEQYF,TRA:TGCATCCTGAGAGACGTAGGTTCAGGATACAGCACCCTCACCTTT;TRB:TGTGCCAGCTCCCTTGCGAGGGATTACAACGAGCAGTACTTC
clonotype357,1,0.00102145045965,TRA:CAVRPLGGYSTLTF;TRB:CSARDPWGTEAFF,TRA:TGTGCTGTGAGACCCCTAGGTGGATACAGCACCCTCACCTTT;TRB:TGCAGTGCTAGAGATCCCTGGGGAACTGAAGCTTTCTTT
clonotype356,1,0.00102145045965,TRA:CAMRGGAASKLTF;TRB:CASSLYGARANEQFF,TRA:TGTGCAATGAGAGGTGGGGCTGCCAGTAAACTCACCTTT;TRB:TGTGCCAGCAGCTTATACGGGGCGAGGGCCAATGAGCAGTTCTTC
clonotype355,1,0.00102145045965,TRB:CASSQGTPLGYQETQYF,TRB:TGCGCCAGCAGCCAAGGCACTCCCCTGGGGTACCAAGAGACCCAGTACTTC
clonotype354,1,0.00102145045965,TRA:CAGTSSNAGNNRKLIW,TRA:TGTGCTGGAACCTCCAGTAATGCTGGCAACAACCGTAAGCTGATTTGG
clonotype353,1,0.00102145045965,TRA:CAESHASGGSYIPTF;TRB:CASSLSAEQGLLKTQYF,TRA:TGTGCAGAGAGTCATGCATCAGGAGGAAGCTACATACCTACATTT;TRB:TGTGCCAGCAGCCTCTCGGCAGAACAGGGGTTATTAAAGACCCAGTACTTC
clonotype352,1,0.00102145045965,TRA:CAVSPFSGGYNKLIF;TRB:CASSRDRGDGYTF,TRA:TGTGCTGTGAGTCCCTTTTCTGGTGGCTACAATAAGCTGATTTTT;TRB:TGTGCCAGCAGCCGGGACAGGGGTGACGGCTACACCTTC
clonotype351,1,0.00102145045965,TRA:CAVEDQGTDKLIF;TRB:CASSPPPGTSDYRGLYNEQFF,TRA:TGTGCTGTGGAGGATCAGGGCACCGACAAGCTCATCTTT;TRB:TGCGCCAGCAGCCCCCCCCCGGGGACTAGCGATTACAGGGGTCTCTACAATGAGCAGTTCTTC
clonotype299,1,0.00102145045965,TRA:CAVRDPNAGNMLTF;TRB:CASSLLAGAYNEQFF,TRA:TGTGCTGTGAGAGACCCGAATGCAGGCAACATGCTCACCTTT;TRB:TGTGCCAGCAGCTTACTAGCGGGGGCCTACAATGAGCAGTTCTTC
clonotype296,1,0.00102145045965,TRA:CAPRIGGSEKLVF;TRB:CSASGLANYEQYF,TRA:TGTGCTCCCCGGATAGGCGGATCTGAAAAGCTGGTCTTT;TRB:TGCAGTGCTAGCGGACTAGCTAACTACGAGCAGTACTTC
clonotype297,1,0.00102145045965,TRA:CALSAEREGYSSASKIIF,TRA:TGTGCTCTGAGTGCAGAACGCGAGGGGTACAGCAGTGCTTCCAAGATAATCTTT
clonotype294,1,0.00102145045965,TRA:CIVRGNTGGFKTIF;TRB:CASSLGGRVGSYNEQFF,TRA:TGCATCGTCAGGGGAAATACTGGAGGCTTCAAAACTATCTTT;TRB:TGTGCCAGCAGCTTAGGGGGGAGGGTAGGATCCTACAATGAGCAGTTCTTC
clonotype295,1,0.00102145045965,TRB:CASSTGTLSYEQYF,TRB:TGTGCCAGCAGTACCGGGACACTCTCCTACGAGCAGTACTTC
clonotype292,1,0.00102145045965,TRA:CIVRASNTGNQFYF;TRB:CASSFMGQRLFEAFF,TRA:TGCATCGTCAGAGCGTCGAACACCGGTAACCAGTTCTATTTT;TRB:TGTGCCAGCAGCTTCATGGGACAGCGTCTTTTTGAAGCTTTCTTT
clonotype293,1,0.00102145045965,TRA:CAVEGDNYGQNFVF;TRB:CASSSRLAGGLETQYF,TRA:TGCGCTGTGGAGGGGGATAACTATGGTCAGAATTTTGTCTTT;TRB:TGCGCCAGCAGCTCTCGACTAGCGGGGGGTCTGGAGACCCAGTACTTC
clonotype359,1,0.00102145045965,TRA:CAVVSGGSYIPTF;TRB:CATSRGGARGNQPQHF,TRA:TGTGCTGTGGTGTCAGGAGGAAGCTACATACCTACATTT;TRB:TGTGCCACCAGCAGGGGGGGGGCTCGGGGCAATCAGCCCCAGCATTTT
clonotype291,1,0.00102145045965,TRA:CAYTPFNDMRF,TRA:TGTGCTTATACGCCTTTCAATGACATGCGCTTT
clonotype328,1,0.00102145045965,TRA:CAASKGNAGKSTF;TRA:CAVETGGFKTIF;TRB:CASRLAGVGANVLTF,TRA:TGTGCAGCAAGTAAGGGAAATGCAGGCAAATCAACCTTT;TRA:TGTGCTGTGGAGACTGGAGGCTTCAAAACTATCTTT;TRB:TGTGCCAGCCGTTTAGCGGGAGTTGGGGCCAACGTCCTGACTTTC
clonotype242,1,0.00102145045965,TRA:CALFTGNQFYF,TRA:TGTGCTCTGTTCACCGGTAACCAGTTCTATTTT
clonotype173,1,0.00102145045965,TRA:CAAGGGTNAGKSTF;TRA:CAVRDMGGATNKLIF;TRB:CASSSSDRVLGETQYF,TRA:TGTGCTGCCGGGGGTGGCACCAATGCAGGCAAATCAACCTTT;TRA:TGTGCTGTGAGAGACATGGGTGGTGCTACAAACAAGCTCATCTTT;TRB:TGTGCCAGCAGCTCATCAGACAGGGTGTTAGGAGAGACCCAGTACTTC
clonotype172,1,0.00102145045965,TRA:CAVSEGGGGNKLTF;TRB:CSAIHGKTDTQYF,TRA:TGTGCTGTGAGTGAGGGGGGAGGAGGAAACAAACTCACCTTT;TRB:TGCAGTGCTATCCACGGCAAAACAGATACGCAGTATTTT
clonotype171,1,0.00102145045965,TRB:CAISEGGRRTDTQYF,TRB:TGTGCCATCAGTGAGGGAGGTAGACGCACAGATACGCAGTATTTT
clonotype170,1,0.00102145045965,TRA:CVVNYSHDYKLSF;TRB:CASSLGGAGTDYEQYF,TRA:TGTGTGGTGAACTACTCTCACGACTACAAGCTCAGCTTT;TRB:TGTGCCAGCAGCTTAGGGGGGGCTGGGACAGACTACGAGCAGTACTTC
clonotype177,1,0.00102145045965,TRB:CASRRAQNTEAFF,TRB:TGCGCCAGCAGAAGGGCTCAGAACACTGAAGCTTTCTTT
clonotype176,1,0.00102145045965,TRB:CASSERKDRGLLFYGYTF,TRB:TGTGCCAGCAGTGAAAGGAAGGACAGGGGGCTTCTGTTCTATGGCTACACCTTC
clonotype175,1,0.00102145045965,TRA:CAFHQGGSEKLVF;TRB:CASSYDGPGELFF,TRA:TGTGCCTTTCATCAGGGCGGATCTGAAAAGCTGGTCTTT;TRB:TGTGCCAGCAGTTACGACGGACCCGGAGAGCTGTTTTTT
clonotype174,1,0.00102145045965,TRA:CATDDTGTASKLTF;TRB:CATSRTANTGELFF,TRA:TGTGCTACGGACGATACCGGCACTGCCAGTAAACTCACCTTT;TRB:TGTGCCACCAGTAGAACAGCGAACACCGGGGAGCTGTTTTTT
clonotype179,1,0.00102145045965,TRA:CLVGDLPTLGRLYF,TRA:TGCCTCGTGGGTGACCTCCCAACCCTGGGGAGGCTATACTTT
clonotype178,1,0.00102145045965,TRA:CAVSQNSGGYQKVTF;TRB:CASRRTGVYNEQFF,TRA:TGTGCTGTGAGCCAGAATTCTGGGGGTTACCAGAAAGTTACCTTT;TRB:TGTGCCAGTAGGAGGACAGGGGTCTACAATGAGCAGTTCTTC
clonotype160,1,0.00102145045965,TRB:CASSLAGGTDTQYF,TRB:TGTGCCAGCAGCTTAGCGGGAGGCACAGATACGCAGTATTTT
clonotype518,1,0.00102145045965,TRB:CASSPPGTGRGEQYF,TRB:TGTGCCAGCAGCCCGCCCGGGACAGGGAGGGGCGAGCAGTACTTC
clonotype358,1,0.00102145045965,TRA:CAASGRNQFYF;TRB:CASSLGGGTGYEQYF,TRA:TGTGCAGCAAGCGGACGTAACCAGTTCTATTTT;TRB:TGTGCCAGCAGCTTGGGGGGGGGAACTGGCTACGAGCAGTACTTC
clonotype91,1,0.00102145045965,TRB:CASNPGAYNSPLHF,TRB:TGTGCCAGCAACCCTGGGGCCTATAATTCACCCCTCCACTTT
clonotype90,1,0.00102145045965,TRA:CIVRSRDNYGQNFVF;TRB:CATSNQGGGRSPLHF,TRA:TGCATCGTCAGATCCCGGGATAACTATGGTCAGAATTTTGTCTTT;TRB:TGTGCCACCTCAAACCAGGGAGGGGGAAGGTCACCCCTCCACTTT
clonotype93,1,0.00102145045965,TRA:CALSDLGNTGKLIF,TRA:TGTGCTCTGAGTGATCTGGGCAACACAGGCAAACTAATCTTT
clonotype92,1,0.00102145045965,TRA:CAVRSYNTDKLIF;TRB:CASSLGTGLNYEQYF,TRA:TGTGCTGTGCGATCTTATAACACCGACAAGCTCATCTTT;TRB:TGTGCCAGCAGCCTGGGGACGGGATTGAACTACGAGCAGTACTTC
clonotype95,1,0.00102145045965,TRA:CAVYNNNDMRF;TRB:CAWSVDGNQPQHF,TRA:TGTGCTGTCTACAATAACAATGACATGCGCTTT;TRB:TGTGCCTGGAGTGTCGATGGCAATCAGCCCCAGCATTTT
clonotype94,1,0.00102145045965,TRA:CALRVNSGYSTLTF;TRB:CSASNGQGLASYGYTF,TRA:TGTGCTCTGAGGGTCAATTCAGGATACAGCACCCTCACCTTT;TRB:TGCAGTGCTAGTAATGGGCAGGGGCTCGCAAGTTATGGCTACACCTTC
clonotype97,1,0.00102145045965,TRA:CAYRSGGTSYGKLTF;TRB:CASSPAGVLKEQFF,TRA:TGTGCTTATAGGAGCGGTGGTACTAGCTATGGAAAGCTGACATTT;TRB:TGTGCCAGCTCACCAGCAGGGGTCCTAAAGGAGCAGTTCTTC
clonotype96,1,0.00102145045965,TRA:CALRGRDDKIIF;TRB:CSALRAEGGNYEQYF;TRB:CVIPIPGSPTTEQYF,TRA:TGTGCTCTGAGGGGGAGAGATGACAAGATCATCTTT;TRB:TGCAGTGCCCTGAGGGCGGAGGGGGGAAATTATGAGCAGTACTTC;TRB:TGCGTCATACCCATTCCAGGGTCCCCTACTACAGAGCAGTACTTC
clonotype99,1,0.00102145045965,TRA:CVVKVASGSARQLTF;TRB:CASSSSGGFDEQYF,TRA:TGTGTGGTGAAGGTTGCATCTGGTTCTGCAAGGCAACTGACCTTT;TRB:TGTGCCAGCAGTTCTAGCGGGGGTTTCGACGAGCAGTACTTC
clonotype98,1,0.00102145045965,TRA:CAVRRGSYIPTF;TRB:CASSLTADNTGELFF,TRA:TGTGCTGTGAGGAGAGGAAGCTACATACCTACATTT;TRB:TGCGCCAGCAGCCTGACAGCTGATAACACCGGGGAGCTGTTTTTT
clonotype511,1,0.00102145045965,TRA:CAASERNTGKLIF;TRB:CASSLVATHLNTEAFF,TRA:TGTGCAGCAAGCGAGCGCAACACAGGCAAACTAATCTTT;TRB:TGCGCCAGCAGCTTGGTTGCCACGCACCTCAACACTGAAGCTTTCTTT
clonotype510,1,0.00102145045965,TRB:CASSQVGAGTDTQYF,TRB:TGTGCCAGCAGCCAAGTCGGGGCAGGGACGGATACGCAGTATTTT
clonotype319,1,0.00102145045965,TRA:CALSSNTGNQFYF;TRB:CASTPPGAGTAKNIQYF,TRA:TGTGCTCTGAGTAGTAACACCGGTAACCAGTTCTATTTT;TRB:TGTGCCAGCACCCCCCCCGGTGCAGGGACGGCCAAAAACATTCAGTACTTC
clonotype318,1,0.00102145045965,TRA:CAVSGFGGTSYGKLTF;TRB:CASSDSQGIGSPLHF,TRA:TGTGCTGTGAGTGGATTTGGTGGTACTAGCTATGGAAAGCTGACATTT;TRB:TGTGCCAGCAGTGACTCTCAGGGGATTGGTTCACCCCTCCACTTT
clonotype313,1,0.00102145045965,TRB:CASSESSLGPDTQYF,TRB:TGCGCCAGCAGTGAGTCGAGTCTAGGGCCAGATACGCAGTATTTT
clonotype312,1,0.00102145045965,TRB:CASSSSGNEQFF,TRB:TGTGCCAGCAGTTCTAGCGGCAATGAGCAGTTCTTC
clonotype311,1,0.00102145045965,TRA:CATDSWGAQKLVF,TRA:TGTGCTACGGACTCCTGGGGAGCCCAGAAGCTGGTATTT
clonotype310,1,0.00102145045965,TRA:CAARPNTGNQFYF;TRB:CASSQTLARTETQYF,TRA:TGTGCAGCAAGACCGAACACCGGTAACCAGTTCTATTTT;TRB:TGTGCCAGCAGCCAAACACTAGCCCGGACGGAGACCCAGTACTTC
clonotype317,1,0.00102145045965,TRB:CASSSRPRGDEQFF,TRB:TGTGCCAGCAGCTCTCGTCCCAGGGGCGATGAGCAGTTCTTC
clonotype316,1,0.00102145045965,TRA:CAVSDGNDYKLSF;TRB:CASSLSGSYEQYF,TRA:TGTGCTGTGAGTGATGGGAACGACTACAAGCTCAGCTTT;TRB:TGTGCCAGCAGTTTATCCGGGTCCTACGAGCAGTACTTC
clonotype315,1,0.00102145045965,TRB:CASTFSQDTQYF,TRB:TGTGCCAGCACTTTCTCCCAGGATACGCAGTATTTT
clonotype314,1,0.00102145045965,TRA:CACRVGYGGATNKLIF;TRB:CASSITGGLVNTIYF,TRA:TGTGCTTGTCGAGTGGGTTATGGTGGTGCTACAAACAAGCTCATCTTT;TRB:TGTGCCAGCAGCATAACAGGGGGCCTTGTGAACACCATATATTTT
clonotype252,1,0.00102145045965,TRA:CVVNIPAGGNEKLTF;TRB:CASSFPGYSSTDTQYF,TRA:TGTGTGGTGAACATCCCAGCGGGGGGAAATGAGAAATTAACCTTT;TRB:TGTGCCAGCAGCTTCCCGGGGTATTCTAGCACAGATACGCAGTATTTT
clonotype253,1,0.00102145045965,TRB:CATSRTANTGELFF,TRB:TGTGCCACCAGTAGAACAGCGAACACCGGGGAGCTGTTTTTT
clonotype250,1,0.00102145045965,TRA:CAVLKAAGNKLTF;TRB:CASGGTGGSEETQYF,TRA:TGTGCTGTATTAAAAGCTGCAGGCAACAAGCTAACTTTT;TRB:TGTGCTAGTGGTGGGACAGGGGGATCTGAGGAGACCCAGTACTTC
clonotype251,1,0.00102145045965,TRA:CVVIPTTSGTYKYIF;TRB:CASSFSGFSEGDEQFF,TRA:TGTGTGGTGATACCTACTACCTCAGGAACCTACAAATACATCTTT;TRB:TGTGCCAGCAGCTTTTCCGGTTTCTCGGAGGGGGATGAGCAGTTCTTC
clonotype256,1,0.00102145045965,TRA:CAVATSGTYKYIF;TRB:CASSAQLPNDEQFF,TRA:TGTGCTGTGGCGACCTCAGGAACCTACAAATACATCTTT;TRB:TGTGCCAGCAGTGCTCAACTCCCGAACGATGAGCAGTTCTTC
clonotype257,1,0.00102145045965,TRA:CAVNMGGGSEKLVF;TRB:CASSSFTGGVETQYF,TRA:TGTGCCGTGAACATGGGGGGCGGATCTGAAAAGCTGGTCTTT;TRB:TGTGCCAGCAGCTCTTTTACAGGGGGCGTCGAGACCCAGTACTTC
clonotype254,1,0.00102145045965,TRA:CAASMSSGTYKYIF;TRB:CSARQGLESPLHF,TRA:TGTGCAGCAAGTATGAGCTCAGGAACCTACAAATACATCTTT;TRB:TGCAGTGCTAGGCAGGGATTAGAGTCACCCCTCCACTTT
clonotype255,1,0.00102145045965,TRA:CATDATGGFKTIF;TRB:CASDWGLAINEQFF,TRA:TGTGCTACGGACGCGACTGGAGGCTTCAAAACTATCTTT;TRB:TGTGCCAGCGACTGGGGACTAGCGATCAATGAGCAGTTCTTC
clonotype258,1,0.00102145045965,TRA:CAADPEELVPQSYKYIF;TRA:CAVDISGGTSYGKLTF;TRB:CASSLVPGMENSPLHF,TRA:TGTGCAGCAGACCCCGAGGAACTTGTACCTCAGTCCTACAAATACATCTTT;TRA:TGTGCCGTGGACATTTCTGGTGGTACTAGCTATGGAAAGCTGACATTT;TRB:TGTGCCAGCAGCTTAGTTCCGGGGATGGAAAATTCACCCCTCCACTTT
clonotype259,1,0.00102145045965,TRA:CAAEDQGGSEKLVF;TRB:CASSDARGRFYGYTF,TRA:TGTGCAGCAGAGGATCAGGGCGGATCTGAAAAGCTGGTCTTT;TRB:TGTGCCAGCAGTGACGCCAGGGGGCGCTTCTATGGCTACACCTTC
clonotype533,1,0.00102145045965,TRA:CAVPPQGGSEKLVF;TRB:CASSSALGRMGNEQFF,TRA:TGTGCTGTGCCCCCTCAGGGCGGATCTGAAAAGCTGGTCTTT;TRB:TGTGCCAGCAGCTCGGCCCTGGGACGGATGGGGAATGAGCAGTTCTTC
clonotype532,1,0.00102145045965,TRA:CAGGDTPTNAGKSTF;TRB:CASSTGNTGELFF,TRA:TGTGCAGGAGGGGATACTCCCACCAATGCAGGCAAATCAACCTTT;TRB:TGTGCCAGCAGTACGGGGAACACCGGGGAGCTGTTTTTT
clonotype531,1,0.00102145045965,TRA:CALSEAGFQKLVF;TRA:CALSEREDNAGNMLTF;TRB:CSVEDLIPGHRRYGYTF,TRA:TGTGCTCTGAGTGAAAGGGAAGATAATGCAGGCAACATGCTCACCTTT;TRA:TGTGCTCTGAGTGAGGCGGGCTTTCAGAAACTTGTATTT;TRB:TGCAGCGTTGAAGATTTAATCCCCGGACACAGAAGGTATGGCTACACCTTC
clonotype530,1,0.00102145045965,TRA:CAFFDYSSASKIIF;TRB:CASRSSGEMTNEKLFF,TRA:TGTGCCTTCTTCGATTACAGCAGTGCTTCCAAGATAATCTTT;TRB:TGTGCCAGCCGGTCGTCGGGGGAAATGACTAATGAAAAACTGTTTTTT
clonotype537,1,0.00102145045965,TRA:CAVRRSNDYKLSF;TRB:CASSFIAEAFF,TRA:TGTGCTGTGAGGCGTTCTAACGACTACAAGCTCAGCTTT;TRB:TGTGCCAGCAGCTTTATCGCTGAAGCTTTCTTT
clonotype536,1,0.00102145045965,TRB:CASSKSLGPLSNQPQHF,TRB:TGTGCCAGTAGTAAGTCTTTAGGGCCTTTATCGAATCAGCCCCAGCATTTT
clonotype535,1,0.00102145045965,TRB:CSARGTGQGSYGYTF,TRB:TGCAGTGCTAGAGGAACGGGGCAGGGAAGCTATGGCTACACCTTC
clonotype534,1,0.00102145045965,TRA:CARYTGGFKTIF;TRB:CASRNSGGGTDTQYF,TRA:TGTGCACGATATACTGGAGGCTTCAAAACTATCTTT;TRB:TGTGCCAGTAGGAATTCTGGGGGAGGCACAGATACGCAGTATTTT
clonotype539,1,0.00102145045965,TRA:CPDSGGGADGLTF;TRB:CASRLTSGSYNEQFF,TRA:TGTCCCGATTCAGGAGGAGGTGCTGACGGACTCACCTTT;TRB:TGTGCCAGTAGACTTACTAGCGGATCCTACAATGAGCAGTTCTTC
clonotype538,1,0.00102145045965,TRA:CAARWTLFGNEKLTF;TRB:CASSLGGGRNIQYF,TRA:TGTGCAGCCCGCTGGACTCTCTTTGGAAATGAGAAATTAACCTTT;TRB:TGCGCCAGCAGCTTGGGAGGGGGCCGAAACATTCAGTACTTC
clonotype407,1,0.00102145045965,TRA:CAASLPSGTYKYIF;TRB:CASSLDLALAGGYNEQFF,TRA:TGTGCAGCAAGCCTTCCCTCAGGAACCTACAAATACATCTTT;TRB:TGTGCCAGCAGCTTAGATCTGGCACTAGCGGGGGGTTACAATGAGCAGTTCTTC
clonotype406,1,0.00102145045965,TRA:CAMREQSGAGSYQLTF;TRB:CASSSSGGAETQYF,TRA:TGTGCAATGAGAGAACAGTCTGGGGCTGGGAGTTACCAACTCACTTTC;TRB:TGCGCCAGCAGTTCCAGCGGGGGGGCCGAGACCCAGTACTTC
clonotype405,1,0.00102145045965,TRA:CAGHGSSNTGKLIF;TRB:CASSLMANTEAFF,TRA:TGTGCAGGGCATGGCTCTAGCAACACAGGCAAACTAATCTTT;TRB:TGTGCCAGCAGCTTAATGGCGAACACTGAAGCTTTCTTT
clonotype404,1,0.00102145045965,TRA:CAASARGATNKLIF;TRB:CASSQDGAGKSNEQFF,TRA:TGTGCAGCAAGCGCGCGTGGTGCTACAAACAAGCTCATCTTT;TRB:TGCGCCAGCAGCCAAGATGGCGCAGGGAAAAGCAATGAGCAGTTCTTC
clonotype403,1,0.00102145045965,TRB:CASSEGGRGNQPQHF,TRB:TGTGCCAGCAGTGAGGGGGGCAGGGGCAATCAGCCCCAGCATTTT
clonotype402,1,0.00102145045965,TRA:CAASSFQAGTALIF;TRB:CASSLVGGTNEKLFF,TRA:TGTGCAGCAAGTAGTTTCCAGGCAGGAACTGCTCTGATCTTT;TRB:TGTGCCAGCAGCTTAGTAGGGGGGACTAATGAAAAACTGTTTTTT
clonotype401,1,0.00102145045965,TRA:CAVKGGSQGNLIF;TRB:CASSWGQGRKVNTEAFF,TRA:TGTGCCGTGAAGGGAGGAAGCCAAGGAAATCTCATCTTT;TRB:TGTGCCAGCAGTTGGGGACAGGGTCGAAAGGTGAACACTGAAGCTTTCTTT
clonotype400,1,0.00102145045965,TRA:CAMREGQTYDMRF;TRB:CASSPAGGPWETQYF,TRA:TGTGCAATGAGAGAGGGCCAAACATATGACATGCGCTTT;TRB:TGTGCCAGCAGCCCTGCAGGGGGGCCGTGGGAGACCCAGTACTTC
clonotype409,1,0.00102145045965,TRA:CAPFGNEKLTF;TRB:CASSGTGGFYEQYF,TRA:TGTGCACCGTTTGGAAATGAGAAATTAACCTTT;TRB:TGCGCCAGCAGCGGGACAGGGGGCTTCTACGAGCAGTACTTC
clonotype408,1,0.00102145045965,TRA:CATRPGNSNYQLIW;TRB:CSARESMGSRHEQYF,TRA:TGTGCTACGCGTCCAGGGAATAGCAACTATCAGTTAATCTGG;TRB:TGCAGTGCTAGAGAGTCAATGGGCTCCCGGCACGAGCAGTACTTC
clonotype478,1,0.00102145045965,TRA:CALSERETSGSRLTF;TRB:CASTGQGRGEQYF,TRA:TGTGCTCTGAGTGAGCGGGAAACCAGTGGCTCTAGGTTGACCTTT;TRB:TGCGCCAGTACAGGACAGGGCAGGGGCGAGCAGTACTTC
clonotype108,1,0.00102145045965,TRA:CATPSGGSYIPTF;TRB:CASSIFGQSSYNEQFF,TRA:TGTGCTACGCCCTCAGGAGGAAGCTACATACCTACATTT;TRB:TGTGCCAGTAGTATTTTCGGGCAGAGCTCCTACAATGAGCAGTTCTTC
clonotype479,1,0.00102145045965,TRA:CAGEDNFNKFYF;TRA:CIVRAYNNARLMF;TRB:CASSLGVQNTEAFF,TRA:TGCATCGTCAGAGCTTACAACAATGCCAGACTCATGTTT;TRA:TGTGCTGGTGAAGACAACTTCAACAAATTTTACTTT;TRB:TGCGCCAGCAGCTTGGGGGTCCAGAACACTGAAGCTTTCTTT
clonotype102,1,0.00102145045965,TRA:CAVMDSNYQLIW;TRB:CASSEDGGGLNTEAFF,TRA:TGTGCTGTGATGGATAGCAACTATCAGTTAATCTGG;TRB:TGTGCCAGCAGTGAAGATGGGGGGGGGCTGAACACTGAAGCTTTCTTT
clonotype103,1,0.00102145045965,TRA:CAVRDRGSTLGRLYF;TRB:CATSDPSGGAADTQYF,TRA:TGTGCTGTGAGAGACAGAGGCTCAACCCTGGGGAGGCTATACTTT;TRB:TGTGCCACCAGTGATCCTAGCGGGGGAGCCGCAGATACGCAGTATTTT
clonotype100,1,0.00102145045965,TRA:CALFGSGTYKYIF;TRB:CASSSGWDPYF,TRA:TGTGCTCTATTCGGGTCAGGAACCTACAAATACATCTTT;TRB:TGTGCCAGCAGCTCGGGGTGGGATCCGTACTTC
clonotype101,1,0.00102145045965,TRB:CASRDQWNTEAFF,TRB:TGCGCCAGCAGAGACCAGTGGAACACTGAAGCTTTCTTT
clonotype106,1,0.00102145045965,TRA:CVVNSFNNDMRF;TRB:CASGVGNTEAFF,TRA:TGTGTGGTGAACTCTTTTAACAATGACATGCGCTTT;TRB:TGTGCCAGCGGAGTAGGGAACACTGAAGCTTTCTTT
clonotype107,1,0.00102145045965,TRA:CAVRPRNQFYF;TRB:CASSLRSRWNTEAFF,TRA:TGTGCCGTCCGGCCGCGTAACCAGTTCTATTTT;TRB:TGTGCCAGCAGTTTACGGAGCAGGTGGAACACTGAAGCTTTCTTT
clonotype104,1,0.00102145045965,TRB:CSAVPTRKADTQYF,TRB:TGCAGTGCCGTTCCTACTCGAAAGGCAGATACGCAGTATTTT
clonotype105,1,0.00102145045965,TRA:CVVNEYTGNQFYF;TRB:CASSIQGGVSPLHF,TRA:TGTGTGGTGAACGAGTACACCGGTAACCAGTTCTATTTT;TRB:TGTGCCAGTAGTATTCAAGGGGGTGTTTCACCCCTCCACTTT
clonotype216,1,0.00102145045965,TRA:CAVERSTDSWGKLQF;TRB:CASSRAGGWSQPQHF,TRA:TGTGCTGTGGAGCGCTCAACTGACAGCTGGGGGAAATTGCAGTTT;TRB:TGTGCCAGTTCCAGGGCAGGGGGCTGGAGTCAGCCCCAGCATTTT
clonotype217,1,0.00102145045965,TRA:CAANNAGNMLTF;TRB:CASSPGTIIGVTEAFF,TRA:TGTGCTGCGAATAATGCAGGCAACATGCTCACCTTT;TRB:TGTGCCAGCAGTCCCGGGACCATCATTGGGGTAACTGAAGCTTTCTTT
clonotype214,1,0.00102145045965,TRA:CAVNTGNQFYF;TRB:CASSLGTSVYEQYF,TRA:TGTGCCGTGAACACCGGTAACCAGTTCTATTTT;TRB:TGTGCCAGCAGTTTAGGGACTTCGGTCTACGAGCAGTACTTC
clonotype215,1,0.00102145045965,TRA:CALSEAGAAGNKLTF;TRB:CASSLPRGEQYF,TRA:TGTGCTCTGAGTGAGGCGGGAGCTGCAGGCAACAAGCTAACTTTT;TRB:TGTGCCAGCAGTTTGCCCCGCGGGGAGCAGTACTTC
clonotype212,1,0.00102145045965,TRA:CAAGWSAGNNRKLIW;TRB:CASSQDGHLSSYNEQFF,TRA:TGTGCTGCGGGGTGGAGCGCTGGCAACAACCGTAAGCTGATTTGG;TRB:TGCGCCAGCAGCCAAGATGGCCACCTAAGCTCCTACAATGAGCAGTTCTTC
clonotype213,1,0.00102145045965,TRA:CAAPRTGTGKLIF;TRB:CASSLKIGTGSDTF,TRA:TGTGCAGCACCCAGAACCGGAACAGGCAAACTAATCTTT;TRB:TGTGCCAGCAGCCTGAAGATCGGGACAGGTAGTGACACCTTC
clonotype210,1,0.00102145045965,TRA:CAVRERGSSNTGKLIF;TRB:CASSPIVGQGLGEQYF,TRA:TGTGCTGTGAGAGAAAGGGGCTCTAGCAACACAGGCAAACTAATCTTT;TRB:TGTGCCAGCTCACCGATCGTGGGACAGGGCCTTGGCGAGCAGTACTTC
clonotype211,1,0.00102145045965,TRA:CAVYGQNFVF,TRA:TGCGCTGTCTATGGTCAGAATTTTGTCTTT
clonotype218,1,0.00102145045965,TRA:CARRGGGADGLTF;TRB:CSARDSLAGGNEQFF,TRA:TGTGCCCGGAGAGGAGGAGGTGCTGACGGACTCACCTTT;TRB:TGCAGTGCTAGAGATTCCCTAGCGGGGGGTAATGAGCAGTTCTTC
clonotype219,1,0.00102145045965,TRA:CAASRGATNAGKSTF;TRB:CATANGGYGYTF,TRA:TGTGCAGCAAGTAGGGGGGCCACCAATGCAGGCAAATCAACCTTT;TRB:TGTGCCACCGCTAATGGGGGCTATGGCTACACCTTC
clonotype362,1,0.00102145045965,TRA:CAGPSNAGGTSYGKLTF;TRB:CATGDGTSYEQYF,TRA:TGTGCAGGGCCGTCTAATGCTGGTGGTACTAGCTATGGAAAGCTGACATTT;TRB:TGTGCCACCGGCGATGGGACCTCCTACGAGCAGTACTTC
clonotype449,1,0.00102145045965,TRA:CALSSNAGGTSYGKLTF;TRB:CASSLGGNTIYF,TRA:TGTGCTCTGAGTTCGAATGCTGGTGGTACTAGCTATGGAAAGCTGACATTT;TRB:TGTGCCAGCAGCTTAGGCGGAAACACCATATATTTT
clonotype448,1,0.00102145045965,TRA:CIVRVAIALRTSYDKVIF,TRA:TGCATCGTCAGAGTCGCCATAGCCCTGAGAACCTCCTACGACAAGGTGATATTT
clonotype288,1,0.00102145045965,TRA:CVVIKRNAGGTSYGKLTF;TRB:CASRGHRGPGNQPQHF,TRA:TGTGTTGTGATAAAAAGGAATGCTGGTGGTACTAGCTATGGAAAGCTGACATTT;TRB:TGTGCCAGCCGAGGGCACAGGGGGCCAGGAAATCAGCCCCAGCATTTT
clonotype443,1,0.00102145045965,TRA:CAVAQEYGNKLVF;TRB:CASSLVWDNQETQYF,TRA:TGTGCCGTGGCACAGGAATATGGAAACAAACTGGTCTTT;TRB:TGTGCCAGCAGCTTGGTCTGGGACAACCAAGAGACCCAGTACTTC
clonotype442,1,0.00102145045965,TRA:CAYRGGFSGTYKYIF;TRB:CASSWRGSMIKETQYF,TRA:TGTGCTTATAGGGGCGGATTCTCAGGAACCTACAAATACATCTTT;TRB:TGTGCCAGCAGCTGGCGGGGTTCAATGATAAAAGAGACCCAGTACTTC
clonotype441,1,0.00102145045965,TRA:CALRGGNKLTF;TRB:CASSDKSLGTTGRF,TRA:TGTGCTCTACGAGGAGGAAACAAACTCACCTTT;TRB:TGTGCCAGCAGCGATAAATCCCTAGGGACAACAGGAAGGTTT
clonotype440,1,0.00102145045965,TRA:CSGGGATNKLIF;TRB:CASSPLVGNTEAFF,TRA:TGTTCGGGTGGTGGTGCTACAAACAAGCTCATCTTT;TRB:TGTGCCAGCAGCCCACTGGTTGGGAACACTGAAGCTTTCTTT
clonotype447,1,0.00102145045965,TRA:CAMKTGGGADGLTF;TRB:CASSGTGVSNEQFF,TRA:TGTGCAATGAAAACAGGAGGAGGTGCTGACGGACTCACCTTT;TRB:TGTGCCAGCAGCGGGACAGGGGTGAGCAATGAGCAGTTCTTC
clonotype446,1,0.00102145045965,TRA:CVVTIINTGTASKLTF;TRB:CASEVSPNQPQHF,TRA:TGTGTGGTGACCATTATAAATACCGGCACTGCCAGTAAACTCACCTTT;TRB:TGTGCCAGTGAGGTGTCTCCCAATCAGCCCCAGCATTTT
clonotype445,1,0.00102145045965,TRB:CASSPPGTSGRGEQFF,TRB:TGTGCCAGTAGTCCGCCGGGGACTAGCGGAAGGGGTGAGCAGTTCTTC
clonotype444,1,0.00102145045965,TRA:CAGYSNYQLIW;TRB:CSARDRGYGYTF,TRA:TGTGCAGGCTATAGCAACTATCAGTTAATCTGG;TRB:TGCAGTGCTAGAGACCGAGGGTATGGCTACACCTTC
clonotype289,1,0.00102145045965,TRA:CTPRGGGGSNYKLTF,TRA:TGTACCCCCCGGGGGGGTGGAGGTAGCAACTATAAACTGACATTT
clonotype363,1,0.00102145045965,TRA:CAGQLTGNQFYF;TRB:CASRRRRTGLYEQYF,TRA:TGTGCTGGGCAGCTCACCGGTAACCAGTTCTATTTT;TRB:TGTGCCAGCAGACGACGAAGGACAGGCTTATACGAGCAGTACTTC
clonotype360,1,0.00102145045965,TRA:CAARGSARQLTF;TRB:CASSRDRAVNTEAFF,TRA:TGTGCAGCCAGGGGTTCTGCAAGGCAACTGACCTTT;TRB:TGCGCCAGCAGCCGGGACAGGGCAGTGAACACTGAAGCTTTCTTT
clonotype361,1,0.00102145045965,TRB:CASSMTSGSLNEQFF,TRB:TGTGCCAGTAGCATGACTAGCGGGAGCCTAAATGAGCAGTTCTTC
clonotype366,1,0.00102145045965,TRB:CSARDLTMGSEAFF,TRB:TGCAGTGCTAGAGATCTAACCATGGGATCTGAAGCTTTCTTT
clonotype367,1,0.00102145045965,TRB:CASSISQKGAWNTEAFF,TRB:TGTGCCAGTAGTATATCCCAGAAGGGGGCCTGGAACACTGAAGCTTTCTTT
clonotype364,1,0.00102145045965,TRB:CASSPRVSGGNQPQHF,TRB:TGTGCCAGCAGCCCCCGGGTCTCCGGAGGCAATCAGCCCCAGCATTTT
clonotype365,1,0.00102145045965,TRB:CASSVVKTNTGELFF,TRB:TGTGCCAGCAGCGTAGTTAAGACGAACACCGGGGAGCTGTTTTTT
clonotype281,1,0.00102145045965,TRA:CAVDSQYNFNKFYF;TRB:CASSPPGGYTGELFF,TRA:TGTGCCGTGGACTCCCAATACAACTTCAACAAATTTTACTTT;TRB:TGCGCCAGCAGCCCTCCGGGAGGGTACACCGGGGAGCTGTTTTTT
clonotype280,1,0.00102145045965,TRA:CAPEGSSNTGKLIF;TRA:CAVIKSGYSTLTF;TRB:CASSLAGGANYGYTF,TRA:TGTGCCCCGGAAGGCTCTAGCAACACAGGCAAACTAATCTTT;TRA:TGTGCTGTGATCAAATCAGGATACAGCACCCTCACCTTT;TRB:TGTGCCAGCAGCTTAGCGGGCGGGGCAAACTATGGCTACACCTTC
clonotype283,1,0.00102145045965,TRA:CAITVTSGTYKYIF;TRB:CASSPLAGGNNEQFF,TRA:TGTGCAATTACCGTTACCTCAGGAACCTACAAATACATCTTT;TRB:TGTGCCAGCTCTCCACTAGCGGGAGGCAACAATGAGCAGTTCTTC
clonotype282,1,0.00102145045965,TRA:CAVNAPDTGGFKTIF;TRB:CAWSVGGGGRSYNEQFF,TRA:TGTGCCGTGAATGCGCCGGATACTGGAGGCTTCAAAACTATCTTT;TRB:TGTGCCTGGAGTGTCGGCGGTGGGGGACGCTCCTACAATGAGCAGTTCTTC
clonotype285,1,0.00102145045965,TRB:CSARVQGRGETQYF,TRB:TGCAGTGCTAGGGTGCAGGGGCGAGGAGAGACCCAGTACTTC
clonotype284,1,0.00102145045965,TRA:CAVDQAGTALIF;TRB:CASRRVTGVDYGYTF,TRA:TGTGCTGTGGACCAGGCAGGAACTGCTCTGATCTTT;TRB:TGTGCCAGTAGGCGAGTTACAGGGGTTGACTATGGCTACACCTTC
clonotype287,1,0.00102145045965,TRA:CAVAPDDYKLSF;TRB:CSAGLRQGIGKGYEQYF,TRA:TGTGCTGTGGCCCCCGACGACTACAAGCTCAGCTTT;TRB:TGCAGTGCGGGGCTGCGACAGGGGATCGGAAAGGGCTACGAGCAGTACTTC
clonotype286,1,0.00102145045965,TRA:CALSVGSIQGAQKLVF;TRA:CLLLTSGTYKYIF;TRB:CASIDRDRGKSGELFF,TRA:TGTCTTCTTCTGACCTCAGGAACCTACAAATACATCTTT;TRA:TGTGCTCTGAGTGTTGGGTCGATCCAGGGAGCCCAGAAGCTGGTATTT;TRB:TGTGCCAGCATCGATCGGGACAGGGGGAAATCCGGGGAGCTGTTTTTT
clonotype542,1,0.00102145045965,TRA:CALSAQVDFNKFYF;TRB:CASSKLTGMNTEAFF,TRA:TGTGCTCTGAGTGCTCAGGTCGACTTCAACAAATTTTACTTT;TRB:TGTGCCAGCAGCAAGCTGACAGGGATGAACACTGAAGCTTTCTTT
clonotype543,1,0.00102145045965,TRA:CAVNRQSGGSYIPTF;TRB:CASSLSKDRLNIQYF,TRA:TGTGCCGTGAACAGGCAGTCAGGAGGAAGCTACATACCTACATTT;TRB:TGTGCCAGCAGTCTGTCAAAGGACAGATTAAACATTCAGTACTTC
clonotype540,1,0.00102145045965,TRA:CAVTAFYTGRRALTF;TRB:CSAKGVGARDTQYF,TRA:TGTGCTGTGACGGCCTTCTACACGGGCAGGAGAGCACTTACTTTT;TRB:TGCAGTGCTAAAGGCGTGGGAGCGAGAGATACGCAGTATTTT
clonotype541,1,0.00102145045965,TRA:CAVIRISSNTGKLIF;TRB:CASSLDSGRYTEAFF,TRA:TGTGCCGTGATCCGCATCTCTAGCAACACAGGCAAACTAATCTTT;TRB:TGCGCCAGCAGCTTGGATTCAGGGAGATACACTGAAGCTTTCTTT
clonotype544,1,0.00102145045965,TRA:CAVGGYATGTASKLTF;TRB:CASRGQMGGISPLHF,TRA:TGTGCTGTGGGGGGGTATGCTACCGGCACTGCCAGTAAACTCACCTTT;TRB:TGTGCCAGCAGGGGGCAGATGGGGGGCATTTCACCCCTCCACTTT
clonotype368,1,0.00102145045965,TRA:CAVRRYGQNFVF,TRA:TGTGCTGTGCGTCGCTATGGTCAGAATTTTGTCTTT
clonotype369,1,0.00102145045965,TRA:CAVRKAGGTSYGKLTF;TRB:CASSLARGNEQFF,TRA:TGTGCTGTGAGGAAGGCTGGTGGTACTAGCTATGGAAAGCTGACATTT;TRB:TGTGCCAGCAGCTTAGCCCGGGGCAATGAGCAGTTCTTC
clonotype148,1,0.00102145045965,TRA:CAEKYSSASKIIF,TRA:TGTGCAGAGAAGTACAGCAGTGCTTCCAAGATAATCTTT
clonotype149,1,0.00102145045965,TRB:CASSYSKSGFTEAFF,TRB:TGTGCCAGCAGTTACTCGAAATCGGGTTTCACTGAAGCTTTCTTT
clonotype146,1,0.00102145045965,TRA:CAPSSGSARQLTF;TRB:CASSGVGGGAGNEQFF,TRA:TGTGCCCCGTCTTCTGGTTCTGCAAGGCAACTGACCTTT;TRB:TGTGCCAGCAGTGGAGTGGGCGGGGGGGCTGGGAATGAGCAGTTCTTC
clonotype147,1,0.00102145045965,TRA:CAVLSGGYQKVTF;TRB:CASSTYLGRTEAFF,TRA:TGTGCGGTCTTATCTGGGGGTTACCAGAAAGTTACCTTT;TRB:TGTGCCAGCAGTACCTACTTGGGTCGGACTGAAGCTTTCTTT
clonotype144,1,0.00102145045965,TRA:CAVSPEGAGNMLTF;TRB:CSASGSFYGYTF,TRA:TGCGCTGTGAGCCCCGAGGGTGCAGGCAACATGCTCACCTTT;TRB:TGCAGTGCTAGTGGTAGCTTCTATGGCTACACCTTC
clonotype145,1,0.00102145045965,TRA:CAMREGTMNTGFQKLVF;TRB:CASSSGQAHQETQYF,TRA:TGTGCAATGAGAGAGGGCACCATGAACACAGGCTTTCAGAAACTTGTATTT;TRB:TGTGCCAGCAGCTCGGGACAGGCACACCAAGAGACCCAGTACTTC
clonotype142,1,0.00102145045965,TRA:CAVTGSGNQFYF;TRB:CASTRPGGGETQYF,TRA:TGTGCTGTGACTGGGAGCGGTAACCAGTTCTATTTT;TRB:TGCGCCAGCACCCGACCGGGGGGTGGGGAGACCCAGTACTTC
clonotype143,1,0.00102145045965,TRA:CARNTGNQFYF;TRB:CASSYSTGTVQSYTF,TRA:TGTGCCCGTAACACCGGTAACCAGTTCTATTTT;TRB:TGTGCCAGCAGTTACTCGACGGGGACGGTGCAGAGCTACACCTTC
clonotype140,1,0.00102145045965,TRB:CASRDPGGGWNGYTF,TRB:TGTGCCAGCAGGGATCCAGGCGGGGGGTGGAATGGCTACACCTTC
clonotype141,1,0.00102145045965,TRA:CAESIDSNYQLIW;TRB:CASSGGEGSSYNEQFF,TRA:TGTGCAGAGAGTATTGATAGCAACTATCAGTTAATCTGG;TRB:TGTGCCAGCAGCGGGGGGGAGGGGTCCTCCTACAATGAGCAGTTCTTC
clonotype129,1,0.00102145045965,TRA:CALKDYGGSQGNLIF;TRB:CASSVASTSDYGYTF,TRA:TGTGCTCTAAAGGATTATGGAGGAAGCCAAGGAAATCTCATCTTT;TRB:TGTGCCAGCAGCGTAGCCTCCACCTCGGACTATGGCTACACCTTC
clonotype86,1,0.00102145045965,TRA:CVVNPPREYNFNKFYF;TRB:CASSGGTGVGHEQYF,TRA:TGTGTGGTGAACCCTCCGAGGGAATACAACTTCAACAAATTTTACTTT;TRB:TGTGCCAGTAGTGGGGGGACCGGTGTTGGCCACGAGCAGTACTTC
clonotype223,1,0.00102145045965,TRA:CVVNGAGYSTLTF,TRA:TGTGTGGTGAACGGGGCGGGATACAGCACCCTCACCTTT
clonotype84,1,0.00102145045965,TRB:CASSLVLGSGSYEQYF,TRB:TGTGCCAGCAGCTTAGTCCTAGGTAGCGGGTCCTACGAGCAGTACTTC
clonotype85,1,0.00102145045965,TRA:CATSNTGNQFYF,TRA:TGTGCTACCTCGAACACCGGTAACCAGTTCTATTTT
clonotype83,1,0.00102145045965,TRB:CSVDNRRQGGWAFF,TRB:TGCAGCGTTGACAATCGCCGACAGGGCGGTTGGGCTTTCTTT
clonotype221,1,0.00102145045965,TRA:CVVLNTGFQKLVF;TRB:CASSPSVGGLTDTQYF,TRA:TGTGTGGTCCTGAACACAGGCTTTCAGAAACTTGTATTT;TRB:TGTGCCAGCAGCCCGAGTGTGGGGGGTTTAACAGATACGCAGTATTTT
clonotype88,1,0.00102145045965,TRA:CAVRVSGSARQLTF;TRB:CASSLGRTSGPGGNEQFF,TRA:TGTGCTGTGAGGGTTTCTGGTTCTGCAAGGCAACTGACCTTT;TRB:TGCGCCAGCAGCTTAGGGCGAACTAGCGGGCCCGGGGGGAATGAGCAGTTCTTC
clonotype89,1,0.00102145045965,TRB:CASSSRWNEQFF,TRB:TGTGCCAGCAGCTCGAGATGGAATGAGCAGTTCTTC
clonotype225,1,0.00102145045965,TRB:CASSPPPRDRNSPLHF,TRB:TGTGCCAGCTCACCACCCCCCCGAGACCGTAATTCACCCCTCCACTTT
clonotype326,1,0.00102145045965,TRA:CAEIHYSGGYQKVTF;TRB:CASSLKGMAYEQYF,TRA:TGTGCAGAGATCCACTATTCTGGGGGTTACCAGAAAGTTACCTTT;TRB:TGTGCCAGCAGTCTCAAAGGGATGGCTTACGAGCAGTACTTC
clonotype327,1,0.00102145045965,TRA:CAMRDGALDDMRF;TRB:CASNRQGSTEAFF;TRB:CASSTGNTGELFF,TRA:TGTGCAATGAGAGACGGGGCCCTGGATGACATGCGCTTT;TRB:TGTGCCAGCAGTACGGGGAACACCGGGGAGCTGTTTTTT;TRB:TGTGCCAGTAACCGACAGGGAAGTACTGAAGCTTTCTTT
clonotype324,1,0.00102145045965,TRB:CAWSVPPLISTDTQYF,TRB:TGTGCCTGGAGTGTACCCCCCCTCATAAGCACAGATACGCAGTATTTT
clonotype325,1,0.00102145045965,TRA:CAASTVGGGNKLTF;TRB:CASSYGDGYEQYF,TRA:TGTGCAGCAAGTACGGTGGGAGGAGGAAACAAACTCACCTTT;TRB:TGTGCCAGCAGCTATGGAGACGGCTACGAGCAGTACTTC
clonotype249,1,0.00102145045965,TRA:CGGATNKLIF;TRB:CASSWGRGGEKLFF,TRA:TGTGGTGGTGCTACAAACAAGCTCATCTTT;TRB:TGTGCCAGCAGCTGGGGCAGGGGTGGTGAAAAACTGTTTTTT
clonotype323,1,0.00102145045965,TRA:CAVNILPRGKLVF;TRA:CAVNRDNAGNMLTF;TRB:CASSGGWGGPEAFF,TRA:TGTGCCGTGAACATCCTCCCGCGGGGCAAACTGGTCTTT;TRA:TGTGCCGTGAATAGAGATAATGCAGGCAACATGCTCACCTTT;TRB:TGTGCCAGCAGTGGTGGGTGGGGAGGGCCTGAAGCTTTCTTT
clonotype320,1,0.00102145045965,TRA:CAPTFGNEKLTF;TRB:CSVVHPPYGYTF,TRA:TGTGCTCCCACCTTTGGAAATGAGAAATTAACCTTT;TRB:TGCAGCGTTGTCCACCCCCCCTATGGCTACACCTTC
clonotype321,1,0.00102145045965,TRA:CACAFTSGTYKYIF;TRB:CASTSQMNTEAFF,TRA:TGTGCGTGCGCATTTACCTCAGGAACCTACAAATACATCTTT;TRB:TGTGCCAGTACTTCGCAAATGAACACTGAAGCTTTCTTT
clonotype245,1,0.00102145045965,TRA:CLVGALNARLMF;TRB:CASSQGVGLFF,TRA:TGCCTCGTGGGTGCCCTTAATGCCAGACTCATGTTT;TRB:TGCGCCAGCAGCCAAGGGGTAGGGCTGTTTTTT
clonotype244,1,0.00102145045965,TRA:CAVYNYGQNFVF;TRB:CASSLEAGGEYEQYF,TRA:TGTGCTGTGTATAACTATGGTCAGAATTTTGTCTTT;TRB:TGTGCCAGCAGCTTAGAGGCGGGAGGGGAGTACGAGCAGTACTTC
clonotype247,1,0.00102145045965,TRA:CAVKGDDKIIF;TRB:CASSPRQGLDSPLHF,TRA:TGTGCTGTGAAAGGAGATGACAAGATCATCTTT;TRB:TGTGCCAGCAGCCCGCGACAGGGTTTGGATTCACCCCTCCACTTT
clonotype246,1,0.00102145045965,TRA:CAGRTGANNLFF;TRB:CAWGGHVGTEAFF,TRA:TGTGCTGGCAGGACTGGGGCAAACAACCTCTTCTTT;TRB:TGTGCCTGGGGGGGCCATGTGGGCACTGAAGCTTTCTTT
clonotype241,1,0.00102145045965,TRA:CAVMDSSYKLIF;TRB:CASSTGNTGELFF,TRA:TGTGCTGTCATGGATAGCAGCTATAAATTGATCTTC;TRB:TGTGCCAGCAGTACGGGGAACACCGGGGAGCTGTTTTTT
clonotype240,1,0.00102145045965,TRA:CALGDTGNQFYF;TRB:CSAAPGATYEQYF,TRA:TGTGCACTCGGGGACACCGGTAACCAGTTCTATTTT;TRB:TGCAGTGCCGCTCCGGGAGCCACCTACGAGCAGTACTTC
clonotype243,1,0.00102145045965,TRB:CAISEGDNEQFF,TRB:TGTGCCATCAGTGAGGGAGACAATGAGCAGTTCTTC
clonotype329,1,0.00102145045965,TRA:CAMREDQAGTALIF;TRB:CASSLRPLGDRKENEQFF,TRA:TGTGCAATGAGAGAGGACCAGGCAGGAACTGCTCTGATCTTT;TRB:TGTGCCAGCAGCTTACGCCCCCTAGGGGACAGGAAAGAGAATGAGCAGTTCTTC
clonotype113,1,0.00102145045965,TRA:CAYYPRGSGGGADGLTF;TRB:CASSPRTSGGYNEQFF,TRA:TGTGCTTATTACCCCAGGGGTTCAGGAGGAGGTGCTGACGGACTCACCTTT;TRB:TGTGCCAGCAGTCCGAGGACTAGCGGGGGGTACAATGAGCAGTTCTTC
clonotype112,1,0.00102145045965,TRA:CALSENFGNEKLTF;TRB:CASSPTSKFYEQYF,TRA:TGTGCTCTGAGTGAGAACTTTGGAAATGAGAAATTAACCTTT;TRB:TGTGCCAGCAGCCCTACTTCAAAATTCTACGAGCAGTACTTC
clonotype182,1,0.00102145045965,TRA:CVVSAGREYGNKLVF;TRB:CASSMTSGSLNEQFF,TRA:TGTGTGGTGAGCGCGGGAAGGGAATATGGAAACAAACTGGTCTTT;TRB:TGTGCCAGTAGCATGACTAGCGGGAGCCTAAATGAGCAGTTCTTC
clonotype183,1,0.00102145045965,TRA:CAVFRYSGNTPLVF;TRB:CSARRPDGSYEQYF,TRA:TGTGCTGTGTTCCGGTATTCAGGAAACACACCTCTTGTCTTT;TRB:TGCAGTGCTAGACGCCCTGACGGCTCCTACGAGCAGTACTTC
clonotype180,1,0.00102145045965,TRB:CASSLSLRGPKAEAFF,TRB:TGCGCCAGCAGCTTGTCCCTCCGGGGGCCAAAGGCTGAAGCTTTCTTT
clonotype181,1,0.00102145045965,TRA:CASETGGTSYGKLTF;TRB:CASSYVRTGGSYGYTF,TRA:TGTGCTTCCGAGACTGGTGGTACTAGCTATGGAAAGCTGACATTT;TRB:TGTGCCAGCAGTTACGTCAGGACAGGGGGTTCCTATGGCTACACCTTC
clonotype186,1,0.00102145045965,TRA:CAVGLKAAGNKLTF;TRA:CVVPRAMNRDDKIIF;TRB:CASSQEASSSYNEQFF,TRA:TGTGCTGTGGGTTTAAAAGCTGCAGGCAACAAGCTAACTTTT;TRA:TGTGTGGTCCCTAGGGCCATGAACAGAGATGACAAGATCATCTTT;TRB:TGTGCCAGCAGCCAAGAGGCTTCCAGCTCCTACAATGAGCAGTTCTTC
clonotype187,1,0.00102145045965,TRA:CAVVPSYSGAGSYQLTF;TRB:CASSSSGNEQFF,TRA:TGTGCTGTGGTCCCCTCATACTCTGGGGCTGGGAGTTACCAACTCACTTTC;TRB:TGTGCCAGCAGTTCTAGCGGCAATGAGCAGTTCTTC
clonotype184,1,0.00102145045965,TRA:CATQENAGNMLTF;TRA:CLVGDDTGTASKLTF;TRB:CASTRGGLNNEQFF,TRA:TGCCTCGTGGGTGACGATACCGGCACTGCCAGTAAACTCACCTTT;TRA:TGTGCCACCCAGGAAAATGCAGGCAACATGCTCACCTTT;TRB:TGTGCCAGCACCCGGGGGGGCCTTAACAATGAGCAGTTCTTC
clonotype185,1,0.00102145045965,TRB:CASSLSWSGELFF,TRB:TGTGCCAGCAGTCTAAGTTGGTCCGGGGAGCTGTTTTTT
clonotype502,1,0.00102145045965,TRA:CAMREEGTNAGKSTF;TRB:CASREEGSDQPQHF,TRA:TGTGCAATGAGAGAGGAGGGGACCAATGCAGGCAAATCAACCTTT;TRB:TGTGCCAGCAGGGAGGAGGGAAGCGATCAGCCCCAGCATTTT
clonotype188,1,0.00102145045965,TRA:CAVAGFGEGNNRLAF;TRB:CASSPPLGTSGASSYNEQFF,TRA:TGTGCTGTGGCTGGTTTTGGAGAGGGGAACAACAGACTCGCTTTT;TRB:TGTGCCAGCAGCCCCCCCTTAGGGACTAGCGGGGCGAGCTCCTACAATGAGCAGTTCTTC
clonotype189,1,0.00102145045965,TRA:CAPRAYSGAGSYQLTF;TRB:CASRDGRGVDNEQFF,TRA:TGTGCTCCCCGGGCATACTCTGGGGCTGGGAGTTACCAACTCACTTTC;TRB:TGTGCCAGCAGGGATGGGCGGGGGGTCGACAATGAGCAGTTCTTC
clonotype118,1,0.00102145045965,TRB:CASSTRQDSYQETQYF,TRB:TGTGCCAGCAGTACCAGACAAGACTCGTACCAAGAGACCCAGTACTTC
clonotype432,1,0.00102145045965,TRA:CAASWGKLQF;TRB:CASSYGQGDNSEQFF,TRA:TGTGCAGCAAGCTGGGGGAAATTGCAGTTT;TRB:TGTGCCAGCAGCTATGGACAGGGTGATAATAGTGAGCAGTTCTTC
clonotype433,1,0.00102145045965,TRA:CAASGLNDKIIF;TRB:CASNLGGNPDQPQHF,TRA:TGTGCAGCAAGTGGCCTAAATGACAAGATCATCTTT;TRB:TGTGCCAGTAACTTGGGGGGAAATCCCGATCAGCCCCAGCATTTT
clonotype430,1,0.00102145045965,TRA:CAVSSNTGKLIF;TRB:CAISCLYRGYSNQPQHF;TRB:CATSRPGTSGVFEQFF,TRA:TGTGCTGTTTCTAGCAACACAGGCAAACTAATCTTT;TRB:TGTGCCACCAGCAGACCCGGGACTAGCGGAGTATTTGAGCAGTTCTTC;TRB:TGTGCCATCTCCTGCCTGTACAGGGGTTATAGCAATCAGCCCCAGCATTTT
clonotype431,1,0.00102145045965,TRA:CAASMLDSSYKLIF;TRA:CVVRSEAGNMLTF;TRB:CASSRTGSSANEKLFF,TRA:TGTGCAGCAAGCATGCTGGATAGCAGCTATAAATTGATCTTC;TRA:TGTGTGGTCAGGTCGGAAGCAGGCAACATGCTCACCTTT;TRB:TGTGCCAGCAGCCGCACAGGGAGTTCGGCTAATGAAAAACTGTTTTTT
clonotype436,1,0.00102145045965,TRA:CALSEVGQLTF;TRB:CASSFRDKDSPLHF,TRA:TGTGCTCTGAGTGAGGTGGGGCAACTGACCTTT;TRB:TGTGCCAGCAGCTTCCGGGACAAGGATTCACCCCTCCACTTT
clonotype437,1,0.00102145045965,TRA:CAVGDSWGKLQF;TRB:CSVEQGGEQFF,TRA:TGTGCTGTGGGAGACAGCTGGGGGAAATTGCAGTTT;TRB:TGCAGCGTTGAACAAGGGGGTGAGCAGTTCTTC
clonotype434,1,0.00102145045965,TRA:CIGPYNNNDMRF;TRB:CASSRWDRGISGNTIYF,TRA:TGCATCGGCCCCTACAATAACAATGACATGCGCTTT;TRB:TGTGCCAGTAGCCGCTGGGACAGGGGAATTTCTGGAAACACCATATATTTT
clonotype435,1,0.00102145045965,TRA:CAVRLYSGGGADGLTF;TRB:CASSVAAGLGGWETQYF,TRA:TGTGCTGTCAGATTGTATTCAGGAGGAGGTGCTGACGGACTCACCTTT;TRB:TGTGCCAGCAGCGTAGCCGCGGGACTAGGGGGTTGGGAGACCCAGTACTTC
clonotype438,1,0.00102145045965,TRA:CALISGNTPLVF;TRB:CSVPPYGRTNKETQYF,TRA:TGTGCCTTAATATCAGGAAACACACCTCTTGTCTTT;TRB:TGCAGCGTTCCTCCCTATGGTAGGACTAACAAAGAGACCCAGTACTTC
clonotype439,1,0.00102145045965,TRA:CAESYSGGGADGLTF;TRB:CASSARLFNEQFF,TRA:TGTGCAGAGAGTTATTCAGGAGGAGGTGCTGACGGACTCACCTTT;TRB:TGTGCCAGCAGCGCCCGACTATTCAATGAGCAGTTCTTC
clonotype115,1,0.00102145045965,TRA:CAYRRSTGTASKLTF;TRB:CASSIRTFGGRADTQYF,TRA:TGTGCTTATAGGAGATCTACCGGCACTGCCAGTAAACTCACCTTT;TRB:TGTGCCAGTAGTATCCGAACGTTCGGAGGGAGGGCAGATACGCAGTATTTT
clonotype114,1,0.00102145045965,TRA:CAVSEAGNQFYF;TRB:CASSPSNRNQPQHF,TRA:TGTGCTGTGAGTGAGGCCGGTAACCAGTTCTATTTT;TRB:TGTGCCAGCAGCCCCTCCAATCGGAATCAGCCCCAGCATTTT
clonotype117,1,0.00102145045965,TRA:CAARSNTGNQFYF;TRB:CASSIPGNTEAFF,TRA:TGTGCAGCAAGGTCCAACACCGGTAACCAGTTCTATTTT;TRB:TGTGCCAGTAGTATCCCAGGGAACACTGAAGCTTTCTTT
clonotype116,1,0.00102145045965,TRA:CAASQPNDYKLSF;TRA:CIVRVASPGGGNKLTF;TRB:CASSLGTGYYGYTF,TRA:TGCATCGTCAGAGTCGCGAGTCCGGGAGGAGGAAACAAACTCACCTTT;TRA:TGTGCAGCAAGCCAACCGAACGACTACAAGCTCAGCTTT;TRB:TGTGCCAGCAGTTTAGGGACAGGCTATTATGGCTACACCTTC
clonotype111,1,0.00102145045965,TRA:CAFMTTDSWGKLQF;TRB:CATTRRASGTEAFF,TRA:TGTGCCTTTATGACAACTGACAGCTGGGGGAAATTGCAGTTT;TRB:TGTGCCACCACGCGTAGGGCCAGCGGCACTGAAGCTTTCTTT
clonotype110,1,0.00102145045965,TRB:CSARGAGETQYF,TRB:TGCAGTGCTAGAGGGGCAGGAGAGACCCAGTACTTC
clonotype508,1,0.00102145045965,TRB:CASSLEGDLAGTQYF,TRB:TGTGCCAGCAGCTTAGAGGGGGACCTAGCTGGTACGCAGTATTTT
clonotype509,1,0.00102145045965,TRA:CAASRPFGNEKLTF;TRB:CASRPDRGCHEKLFF;TRB:CASSRTGSHWEQFF,TRA:TGTGCAGCAAGCCGACCCTTTGGAAATGAGAAATTAACCTTT;TRB:TGTGCCAGCAGCCGGACAGGGAGTCATTGGGAGCAGTTCTTC;TRB:TGTGCCAGTAGACCAGACAGGGGCTGTCATGAAAAACTGTTTTTT
clonotype506,1,0.00102145045965,TRA:CIVKPLSGSARQLTF;TRB:CSARDLTMGSEAFF,TRA:TGCATCGTGAAACCCCTTTCTGGTTCTGCAAGGCAACTGACCTTT;TRB:TGCAGTGCTAGAGATCTAACCATGGGATCTGAAGCTTTCTTT
clonotype507,1,0.00102145045965,TRA:CVVTEAGNMLTF,TRA:TGTGTGGTGACGGAGGCAGGCAACATGCTCACCTTT
clonotype504,1,0.00102145045965,TRA:CAVMDSSYKLIF;TRB:CASSPDRGPSHEQYF,TRA:TGTGCTGTCATGGATAGCAGCTATAAATTGATCTTC;TRB:TGTGCCAGCAGCCCCGACAGGGGGCCCTCCCACGAGCAGTACTTC
clonotype505,1,0.00102145045965,TRA:CAYNAGNNRKLIW;TRB:CASSSSIGGSDEQFF,TRA:TGTGCCTATAATGCTGGCAACAACCGTAAGCTGATTTGG;TRB:TGTGCCAGCAGCTCCAGCATCGGGGGGTCCGATGAGCAGTTCTTC
clonotype119,1,0.00102145045965,TRA:CAVEYPSGGSYIPTF;TRB:CASSYRDGRDTQYF,TRA:TGTGCTGTGGAGTATCCTTCAGGAGGAAGCTACATACCTACATTT;TRB:TGTGCCAGCAGCTACCGGGACGGCCGCGATACGCAGTATTTT
clonotype503,1,0.00102145045965,TRB:CASSARPHPEDTIYF,TRB:TGTGCCAGCAGCGCCCGGCCTCACCCTGAAGACACCATATATTTT
clonotype500,1,0.00102145045965,TRA:CALSAEREGYSSASKIIF;TRB:CASSVSGGSNQPQHF,TRA:TGTGCTCTGAGTGCAGAACGCGAGGGGTACAGCAGTGCTTCCAAGATAATCTTT;TRB:TGTGCCAGCAGTGTATCAGGGGGAAGCAATCAGCCCCAGCATTTT
clonotype501,1,0.00102145045965,TRA:CASGAGGYQKVTF;TRB:CASSPLGIDLANYGYTF,TRA:TGTGCATCAGGGGCTGGGGGTTACCAGAAAGTTACCTTT;TRB:TGTGCCAGCAGCCCGCTCGGCATCGACTTAGCTAACTATGGCTACACCTTC
clonotype201,1,0.00102145045965,TRA:CAASSYNNNDMRF;TRB:CASSYSRQNSYEQYF,TRA:TGTGCAGCAAGTAGCTACAATAACAATGACATGCGCTTT;TRB:TGTGCCAGCAGTTACTCAAGGCAGAACTCCTACGAGCAGTACTTC
clonotype200,1,0.00102145045965,TRA:CAVRNSGAGSYQLTF;TRB:CSATHRTGGGGEQYF,TRA:TGCGCTGTGAGGAACTCTGGGGCTGGGAGTTACCAACTCACTTTC;TRB:TGCAGTGCTACCCATAGGACAGGGGGAGGTGGCGAGCAGTACTTC
clonotype203,1,0.00102145045965,TRA:CAGDGVGNDYKLSF;TRB:CASRTGTRPLAKNIQYF,TRA:TGTGCAGGGGATGGGGTTGGAAACGACTACAAGCTCAGCTTT;TRB:TGTGCCAGCAGAACCGGGACTCGACCCCTAGCCAAAAACATTCAGTACTTC
clonotype202,1,0.00102145045965,TRB:CASSYDRASYEQYF,TRB:TGTGCCAGCAGCTATGACAGGGCCTCCTACGAGCAGTACTTC
clonotype205,1,0.00102145045965,TRA:CAENSGYSTLTF,TRA:TGTGCAGAGAATTCAGGATACAGCACCCTCACCTTT
clonotype204,1,0.00102145045965,TRA:CAVDSRTDSWGKLQF;TRA:CVVSEGTGTASKLTF;TRB:CSARDRGGLGGPGDTQYF,TRA:TGTGCTGTGGATTCCCGAACTGACAGCTGGGGGAAATTGCAGTTT;TRA:TGTGTGGTGAGCGAGGGTACCGGCACTGCCAGTAAACTCACCTTT;TRB:TGCAGTGCTAGAGATCGGGGGGGATTGGGGGGGCCGGGTGATACGCAGTATTTT
clonotype207,1,0.00102145045965,TRA:CAMRETRGTSYDKVIF;TRB:CASSFARGWTAISGANVLTF,TRA:TGTGCAATGAGAGAGACCCGAGGAACCTCCTACGACAAGGTGATATTT;TRB:TGTGCCAGCAGCTTTGCAAGGGGGTGGACAGCCATCTCTGGGGCCAACGTCCTGACTTTC
clonotype206,1,0.00102145045965,TRB:CASRGGGPRGKPQHF,TRB:TGTGCCAGCAGGGGGGGTGGGCCCCGAGGTAAGCCCCAGCATTTT
clonotype209,1,0.00102145045965,TRA:CAATHRFKAALFPTGTASKLTF;TRA:CAFMKRTTSGTYKYIF;TRB:CASSRNTQGMDIQYF,TRA:TGTGCAGCAACCCACCGGTTCAAAGCGGCTCTCTTTCCTACCGGCACTGCCAGTAAACTCACCTTT;TRA:TGTGCTTTCATGAAGCGTACCACCTCAGGAACCTACAAATACATCTTT;TRB:TGTGCCAGCAGTCGAAATACGCAGGGGATGGACATTCAGTACTTC
clonotype208,1,0.00102145045965,TRA:CAYRIQPYNNNDMRF,TRA:TGTGCTTATAGGATCCAGCCGTACAATAACAATGACATGCGCTTT
clonotype380,1,0.00102145045965,TRA:CAFSGGSNYKLTF;TRB:CASSSRTGQQETQYF,TRA:TGTGCTTTCAGTGGAGGTAGCAACTATAAACTGACATTT;TRB:TGTGCCAGCAGTTCCCGGACAGGGCAACAAGAGACCCAGTACTTC
clonotype381,1,0.00102145045965,TRA:CASSPTMDSNYQLIW;TRB:CASSYPAGAQYF,TRA:TGTGCTTCTAGCCCTACGATGGATAGCAACTATCAGTTAATCTGG;TRB:TGTGCCAGCAGCTACCCCGCGGGGGCGCAGTACTTC
clonotype382,1,0.00102145045965,TRB:CASSPFQGAGEKLFF,TRB:TGCGCCAGCAGCCCCTTTCAGGGGGCGGGGGAAAAACTGTTTTTT
clonotype383,1,0.00102145045965,TRA:CALSPYFGNEKLTF;TRB:CASSPPGTGSYEQYF,TRA:TGTGCTCTAAGTCCGTACTTTGGAAATGAGAAATTAACCTTT;TRB:TGTGCCAGCAGCCCCCCCGGGACAGGCTCCTACGAGCAGTACTTC
clonotype384,1,0.00102145045965,TRB:CASRSGLATYEQYF,TRB:TGTGCCAGCAGGTCGGGACTCGCGACCTACGAGCAGTACTTC
clonotype385,1,0.00102145045965,TRA:CALETDSWGKLQF,TRA:TGTGCTTTGGAAACTGACAGCTGGGGGAAATTGCAGTTT
clonotype386,1,0.00102145045965,TRA:CAGNSGTYKYIF;TRB:CASGPGGQPQHF,TRA:TGTGCAGGTAACTCAGGAACCTACAAATACATCTTT;TRB:TGTGCCAGCGGACCCGGCGGTCAGCCCCAGCATTTT
clonotype387,1,0.00102145045965,TRA:CILGSYNFNKFYF;TRB:CASSPTTGKALNTEAFF,TRA:TGCATCCTGGGGTCATACAACTTCAACAAATTTTACTTT;TRB:TGCGCCAGCAGCCCTACGACAGGGAAGGCGCTGAACACTGAAGCTTTCTTT
clonotype388,1,0.00102145045965,TRA:CATKYSGSARQLTF,TRA:TGTGCTACTAAATATTCTGGTTCTGCAAGGCAACTGACCTTT
clonotype389,1,0.00102145045965,TRB:CSATPLLAANQETQYF,TRB:TGCAGTGCTACGCCCTTACTAGCGGCAAACCAAGAGACCCAGTACTTC
clonotype476,1,0.00102145045965,TRA:CAVNGAAGNKLTF;TRB:CASSVEVGTGFGNTIYF,TRA:TGTGCTGTGAATGGAGCCGCAGGCAACAAGCTAACTTTT;TRB:TGTGCCAGCAGCGTAGAGGTTGGGACAGGGTTTGGAAACACCATATATTTT
clonotype477,1,0.00102145045965,TRA:CAAYSGTYKYIF;TRB:CASSYEVGGPGNTIYF,TRA:TGTGCCGCATACTCAGGAACCTACAAATACATCTTT;TRB:TGTGCCAGCAGTTACGAAGTAGGGGGACCTGGAAACACCATATATTTT
clonotype474,1,0.00102145045965,TRB:CASSPLQGPYEQYF,TRB:TGTGCCAGCAGCCCTCTGCAGGGGCCCTACGAGCAGTACTTC
clonotype475,1,0.00102145045965,TRA:CAVQDAGGGNKLTF,TRA:TGTGCTGTGCAGGACGCGGGAGGAGGAAACAAACTCACCTTT
clonotype472,1,0.00102145045965,TRA:CAVGLPLDDKIIF;TRB:CASSPRGTNYGYTF,TRA:TGTGCTGTGGGGCTTCCTTTAGATGACAAGATCATCTTT;TRB:TGTGCCAGCAGCCCCCGGGGAACCAACTATGGCTACACCTTC
clonotype378,1,0.00102145045965,TRA:CAASALTGAGKSTF;TRB:CSARRGTGGSQPQHF,TRA:TGTGCAGCAAGCGCGTTGACGGGTGCAGGCAAATCAACCTTT;TRB:TGCAGTGCTAGGAGAGGGACAGGGGGCAGTCAGCCCCAGCATTTT
clonotype470,1,0.00102145045965,TRB:CASSLLDRDTEAFF,TRB:TGTGCCAGCAGCTTATTGGACAGGGACACTGAAGCTTTCTTT
clonotype471,1,0.00102145045965,TRA:CIGAARQLTF;TRB:CASSTTGGANNEQFF,TRA:TGCATCGGGGCTGCAAGGCAACTGACCTTT;TRB:TGTGCCAGCAGCACAACCGGGGGGGCCAACAATGAGCAGTTCTTC
clonotype375,1,0.00102145045965,TRA:CALSHYNQGGKLIF;TRA:CVVNSSNNDMRF;TRB:CSARHLDSNQPQHF,TRA:TGTGCTCTGAGTCATTATAACCAGGGAGGAAAGCTTATCTTC;TRA:TGTGTGGTGAACAGTAGCAACAATGACATGCGCTTT;TRB:TGCAGTGCTAGGCATCTCGATAGCAATCAGCCCCAGCATTTT
clonotype374,1,0.00102145045965,TRA:CAVKTGGGNKLTF;TRB:CASSQGQHSYEQYF,TRA:TGTGCTGTGAAGACGGGAGGAGGAAACAAACTCACCTTT;TRB:TGTGCCAGCAGCCAGGGACAGCACTCCTACGAGCAGTACTTC
clonotype377,1,0.00102145045965,TRA:CAPRNNNARLMF;TRB:CATSSRQGTDTQYF,TRA:TGTGCTCCCCGGAATAACAATGCCAGACTCATGTTT;TRB:TGTGCCACCAGCAGTCGACAGGGAACAGATACGCAGTATTTT
clonotype376,1,0.00102145045965,TRA:CAPRAGGFKTIF;TRB:CASSQEMGRSSSYNEQFF,TRA:TGTGCTCCCAGGGCTGGAGGCTTCAAAACTATCTTT;TRB:TGCGCCAGCAGCCAAGAAATGGGAAGGAGTAGCTCCTACAATGAGCAGTTCTTC
clonotype371,1,0.00102145045965,TRA:CILRNNYGQNFVF;TRB:CASSLAGVGTGELFF,TRA:TGCATCCTGAGGAATAACTATGGTCAGAATTTTGTCTTT;TRB:TGTGCCAGCAGCTTAGCTGGGGTCGGCACCGGGGAGCTGTTTTTT
clonotype370,1,0.00102145045965,TRA:CAASLSNTDKLIF;TRB:CAISPGPPRYGYTF,TRA:TGTGCAGCAAGTTTGAGTAACACCGACAAGCTCATCTTT;TRB:TGTGCCATCAGTCCGGGACCCCCGAGGTATGGCTACACCTTC
clonotype373,1,0.00102145045965,TRA:CAARGGYKLSF;TRB:CSAPQGTENTIYF,TRA:TGTGCTGCCCGTGGGGGGTACAAGCTCAGCTTT;TRB:TGCAGTGCACCCCAGGGTACGGAAAACACCATATATTTT
clonotype372,1,0.00102145045965,TRA:CAASVTSNTGKLIF;TRB:CASSLGDQGDEQYF,TRA:TGTGCAGCAAGCGTTACTAGCAACACAGGCAAACTAATCTTT;TRB:TGTGCCAGCAGTTTAGGGGATCAAGGGGACGAGCAGTACTTC
clonotype274,1,0.00102145045965,TRA:CASPSNNNARLMF;TRB:CASSMGLEGHEQYF,TRA:TGTGCTTCCCCCTCTAATAACAATGCCAGACTCATGTTT;TRB:TGTGCCAGTAGTATGGGGCTAGAGGGCCACGAGCAGTACTTC
clonotype275,1,0.00102145045965,TRA:CAVNPGGSARQLTF,TRA:TGTGCCGTGAACCCCGGAGGTTCTGCAAGGCAACTGACCTTT
clonotype276,1,0.00102145045965,TRB:CASSPRQGLDSPLHF,TRB:TGTGCCAGCAGCCCGCGACAGGGTTTGGATTCACCCCTCCACTTT
clonotype277,1,0.00102145045965,TRA:CALRGGSNYKLTF;TRB:CASSESGGPNTEAFF,TRA:TGTGCTCTGAGAGGAGGTAGCAACTATAAACTGACATTT;TRB:TGCGCCAGCAGTGAGTCAGGGGGCCCTAACACTGAAGCTTTCTTT
clonotype270,1,0.00102145045965,TRB:CASSSGLGLPETQYF,TRB:TGTGCCAGCAGTTCCGGACTAGGCCTCCCTGAGACCCAGTACTTC
clonotype271,1,0.00102145045965,TRA:CAAGANNLFF;TRB:CASSTNPGGLVHNEQFF,TRA:TGTGCAGCAGGGGCAAACAACCTCTTCTTT;TRB:TGTGCCAGCAGCACCAACCCAGGGGGATTGGTTCACAATGAGCAGTTCTTC
clonotype272,1,0.00102145045965,TRA:CLLFNAGNNRKLIW;TRB:CASSREDGGAETQYF,TRA:TGCCTTCTCTTTAATGCTGGCAACAACCGTAAGCTGATTTGG;TRB:TGCGCCAGCAGTCGTGAGGACGGAGGGGCGGAGACCCAGTACTTC
clonotype273,1,0.00102145045965,TRA:CATVVGRDKIIF;TRB:CSARVQGRGETQYF,TRA:TGTGCTACCGTCGTGGGACGCGACAAGATCATCTTT;TRB:TGCAGTGCTAGGGTGCAGGGGCGAGGAGAGACCCAGTACTTC
clonotype278,1,0.00102145045965,TRA:CAVLPTGNNRKLIW;TRB:CASSLVPGGSDNSPLHF,TRA:TGTGCCGTGCTCCCCACTGGCAACAACCGTAAGCTGATTTGG;TRB:TGTGCCAGCAGCCTGGTCCCAGGGGGCTCCGATAATTCACCCCTCCACTTT
clonotype279,1,0.00102145045965,TRA:CAAINSGNTPLVF;TRB:CASSFLAGSTDTQYF,TRA:TGTGCAGCGATAAATTCAGGAAACACACCTCTTGTCTTT;TRB:TGTGCCAGCAGCTTTTTAGCGGGGAGCACAGATACGCAGTATTTT
clonotype498,1,0.00102145045965,TRA:CAGPQGQLTF;TRB:CASSYGGFAGSGNTIYF,TRA:TGTGCAGGCCCCCAGGGGCAACTGACCTTT;TRB:TGTGCCAGCAGTTACGGGGGGTTTGCCGGCTCTGGAAACACCATATATTTT
clonotype499,1,0.00102145045965,TRA:CAASAINQAGTALIF;TRB:CASSSGRGNQPQHF,TRA:TGTGCAGCAAGCGCCATTAACCAGGCAGGAACTGCTCTGATCTTT;TRB:TGTGCCAGCAGCTCCGGACGGGGCAATCAGCCCCAGCATTTT
clonotype494,1,0.00102145045965,TRA:CAALGNTNAGKSTF;TRA:CAVVPTDSWGKLQF;TRB:CASSSRQGGYTF,TRA:TGTGCAGCCCTTGGGAACACCAATGCAGGCAAATCAACCTTT;TRA:TGTGCTGTGGTTCCAACTGACAGCTGGGGGAAATTGCAGTTT;TRB:TGTGCCAGCAGCTCAAGACAGGGTGGCTACACCTTC
clonotype495,1,0.00102145045965,TRB:CASSQGAVDTQYF,TRB:TGTGCCAGTTCACAGGGGGCCGTGGATACGCAGTATTTT
clonotype496,1,0.00102145045965,TRA:CAVRDSSGGSYIPTF;TRB:CASSLKGYTF,TRA:TGTGCTGTGAGAGATTCTTCAGGAGGAAGCTACATACCTACATTT;TRB:TGTGCCAGCAGCCTCAAGGGCTACACCTTC
clonotype497,1,0.00102145045965,TRA:CAFITGANSKLTF;TRB:CASSPTGRNQPQHF,TRA:TGTGCTTTCATAACTGGAGCCAATAGTAAGCTGACATTT;TRB:TGCGCCAGCAGTCCGACAGGGCGGAATCAGCCCCAGCATTTT
clonotype490,1,0.00102145045965,TRB:CASRPGNTGELFF,TRB:TGTGCCAGTCGGCCGGGAAACACCGGGGAGCTGTTTTTT
clonotype491,1,0.00102145045965,TRB:CATSRGTQGGRDNEQFF,TRB:TGTGCCACCAGCAGAGGGACGCAAGGCGGGAGGGACAATGAGCAGTTCTTC
clonotype492,1,0.00102145045965,TRA:CAALKTSYDKVIF;TRB:CASRRDSSIQYF,TRA:TGTGCTGCCCTGAAAACCTCCTACGACAAGGTGATATTT;TRB:TGTGCCAGCAGACGAGACAGCAGTATTCAGTACTTC
clonotype493,1,0.00102145045965,TRA:CALQAGTYKYIF;TRB:CASTPIASHQETQYF,TRA:TGTGCTCTGCAGGCAGGAACCTACAAATACATCTTT;TRB:TGTGCCAGCACCCCGATCGCCAGCCACCAAGAGACCCAGTACTTC
clonotype529,1,0.00102145045965,TRA:CALTMEYGNKLVF;TRB:CASRGPNQETQYF,TRA:TGTGCTCTGACCATGGAATATGGAAACAAGCTGGTCTTT;TRB:TGTGCCAGCAGGGGGCCAAACCAAGAGACCCAGTACTTC
clonotype159,1,0.00102145045965,TRA:CAMRDGALDDMRF;TRB:CASSDGDRNEQFF,TRA:TGTGCAATGAGAGACGGGGCCCTGGATGACATGCGCTTT;TRB:TGTGCCAGCAGTGACGGGGATCGCAATGAGCAGTTCTTC
clonotype158,1,0.00102145045965,TRA:CAVPLQRSNTGKLIF;TRB:CSARDSGNPYEQYF,TRA:TGTGCTGTCCCGCTCCAACGGAGCAACACAGGCAAACTAATCTTT;TRB:TGCAGTGCTAGAGATTCGGGCAATCCCTACGAGCAGTACTTC
clonotype151,1,0.00102145045965,TRB:CASSPRQGLLNTEAFF,TRB:TGTGCCAGCAGCCCTAGACAGGGCCTCCTGAACACTGAAGCTTTCTTT
clonotype150,1,0.00102145045965,TRA:CAYRSANAGGTSYGKLTF;TRB:CSAREVDFRQKRNEQFF,TRA:TGTGCTTATAGGAGCGCGAATGCTGGTGGTACTAGCTATGGAAAGCTGACATTT;TRB:TGCAGTGCTAGAGAGGTGGACTTCAGACAAAAGCGGAATGAGCAGTTCTTC
clonotype153,1,0.00102145045965,TRA:CAENSGYSTLTF;TRB:CASSPPGGKNIQYF,TRA:TGTGCAGAGAATTCAGGATACAGCACCCTCACCTTT;TRB:TGTGCCAGCTCACCACCAGGGGGCAAAAACATTCAGTACTTC
clonotype152,1,0.00102145045965,TRA:CAASKGTSGTYKYIF;TRB:CASSQAAGKLFF,TRA:TGTGCAGCAAGCAAGGGTACCTCAGGAACCTACAAATACATCTTT;TRB:TGTGCCAGCAGTCAAGCAGCCGGAAAACTGTTTTTT
clonotype155,1,0.00102145045965,TRA:CAESSSGNTPLVF;TRA:CVVYRGGSSASKIIF;TRB:CASSPPDGGGNNEQFF,TRA:TGTGCAGAGAGTTCTTCAGGAAACACACCTCTTGTCTTT;TRA:TGTGTGGTGTACCGAGGAGGCAGCAGTGCTTCCAAGATAATCTTT;TRB:TGCGCCAGCAGCCCACCCGATGGGGGGGGAAACAATGAGCAGTTCTTC
clonotype154,1,0.00102145045965,TRA:CAFMAPQGGSEKLVF;TRB:CASSPGLAGNNEQFF,TRA:TGTGCTTTCATGGCCCCTCAGGGCGGATCTGAAAAGCTGGTCTTT;TRB:TGTGCCAGCAGCCCCGGACTAGCGGGAAATAATGAGCAGTTCTTC
clonotype157,1,0.00102145045965,TRA:CAVEVDSSYKLIF;TRB:CAWRDRDSYEQYF,TRA:TGTGCTGTGGAGGTGGATAGCAGCTATAAATTGATCTTC;TRB:TGTGCCTGGAGGGACAGGGACTCCTACGAGCAGTACTTC
clonotype156,1,0.00102145045965,TRB:CASRRYWSGTSTDTQYF,TRB:TGTGCCAGCAGGAGATACTGGAGCGGGACTAGCACAGATACGCAGTATTTT
clonotype489,1,0.00102145045965,TRB:CASRGASDDSPLHF,TRB:TGTGCCAGCAGGGGGGCGTCGGACGATTCACCCCTCCACTTT
clonotype461,1,0.00102145045965,TRA:CAVRDEGTNAGKSTF;TRB:CASSSGTGTGGYTF,TRA:TGCGCTGTGAGAGATGAGGGCACCAATGCAGGCAAATCAACCTTT;TRB:TGTGCCAGCAGCTCCGGGACAGGGACCGGAGGCTACACCTTC
clonotype298,1,0.00102145045965,TRA:CALIVGGGGADGLTF,TRA:TGTGCTCTGATAGTTGGGGGAGGAGGTGCTGACGGACTCACCTTT
clonotype460,1,0.00102145045965,TRB:CASSQAGLNTEAFF,TRB:TGTGCCAGCAGCCAAGCAGGGTTAAACACTGAAGCTTTCTTT
clonotype350,1,0.00102145045965,TRB:CASTGRGSENSNQPQHF,TRB:TGTGCCAGCACTGGGAGGGGCAGCGAAAATAGCAATCAGCCCCAGCATTTT
clonotype466,1,0.00102145045965,TRA:CALIAALSGGSNYKLTF;TRB:CASSLTMTYEQYF,TRA:TGTGCTCTGATTGCGGCTTTGAGTGGAGGTAGCAACTATAAACTGACATTT;TRB:TGCGCCAGCAGCCTGACGATGACTTACGAGCAGTACTTC
clonotype300,1,0.00102145045965,TRA:CAVDDPFGNEKLTF;TRB:CASSARLAGNEQFF,TRA:TGTGCCGTGGACGACCCTTTTGGAAATGAGAAATTAACCTTT;TRB:TGTGCCAGCAGCGCCCGACTAGCGGGTAATGAGCAGTTCTTC
clonotype128,1,0.00102145045965,TRA:CVVNMGTNAGKSTF;TRB:CASRPVGGARNTEAFF,TRA:TGTGTGGTGAACATGGGGACCAATGCAGGCAAATCAACCTTT;TRB:TGTGCCAGCAGACCAGTGGGGGGGGCAAGGAACACTGAAGCTTTCTTT
clonotype290,1,0.00102145045965,TRA:CAVRALGYSTLTF;TRB:CASSPQGQENSPLHF,TRA:TGTGCTGTGAGAGCATTAGGGTACAGCACCCTCACCTTT;TRB:TGTGCCAGCAGCCCCCAGGGACAGGAAAATTCACCCCTCCACTTT
clonotype301,1,0.00102145045965,TRA:CAMSKNNAGNMLTF;TRB:CARKTGTHGYTF,TRA:TGTGCAATGAGTAAAAATAATGCAGGCAACATGCTCACCTTT;TRB:TGTGCCAGGAAGACCGGGACACATGGCTACACCTTC
clonotype124,1,0.00102145045965,TRA:CAVPEPNDMRF;TRB:CASSFAGSTEAFF,TRA:TGTGCCGTGCCGGAGCCAAATGACATGCGCTTT;TRB:TGCGCCAGCAGCTTCGCAGGGAGCACTGAAGCTTTCTTT
clonotype125,1,0.00102145045965,TRA:CAASALSGTASKLTF;TRA:CLLRSARLMF;TRB:CASSVQLGTVYGYTF,TRA:TGTCTTCTGCGGTCTGCCAGACTCATGTTT;TRA:TGTGCAGCAAGCGCGCTGTCCGGCACTGCCAGTAAACTCACCTTT;TRB:TGTGCCAGTAGTGTGCAGTTGGGAACGGTTTATGGCTACACCTTC
clonotype126,1,0.00102145045965,TRB:CSASNGQGLASYGYTF,TRB:TGCAGTGCTAGTAATGGGCAGGGGCTCGCAAGTTATGGCTACACCTTC
clonotype127,1,0.00102145045965,TRB:CASSGQGTHQPQHF,TRB:TGTGCCAGCAGCGGACAGGGAACCCATCAGCCCCAGCATTTT
clonotype120,1,0.00102145045965,TRA:CAPSHTGGFKTIF;TRA:CAVKPAGNKLTF;TRB:CSVEVRDNEQFF,TRA:TGTGCCGTGAAGCCTGCAGGCAACAAGCTAACTTTT;TRA:TGTGCTCCCTCACATACTGGAGGCTTCAAAACTATCTTT;TRB:TGCAGCGTTGAAGTCCGGGACAATGAGCAGTTCTTC
clonotype121,1,0.00102145045965,TRA:CAMSANNARLMF;TRB:CSSSRGGYNPEAFF,TRA:TGTGCAATGAGCGCGAACAATGCCAGACTCATGTTT;TRB:TGCAGTTCCTCTCGCGGGGGGTATAACCCTGAAGCTTTCTTT
clonotype122,1,0.00102145045965,TRA:CAVISNTGKLIF;TRB:CSVAGQETQYF,TRA:TGTGCCGTGATAAGCAACACAGGCAAACTAATCTTT;TRB:TGCAGCGTTGCCGGACAAGAGACCCAGTACTTC
clonotype123,1,0.00102145045965,TRA:CALSDRGSTLGRLYF;TRA:CIVRAPSGTYKYIF;TRB:CASSQYGSYEQYF,TRA:TGCATCGTCAGGGCTCCCTCAGGAACCTACAAATACATCTTT;TRA:TGTGCTCTGAGTGACAGAGGCTCAACCCTGGGGAGGCTATACTTT;TRB:TGTGCCAGCAGCCAATACGGGTCCTACGAGCAGTACTTC
clonotype331,1,0.00102145045965,TRB:CASSIPGNTEAFF,TRB:TGTGCCAGTAGTATCCCAGGGAACACTGAAGCTTTCTTT
clonotype330,1,0.00102145045965,TRA:CAVRGLTGGGNKLTF;TRB:CSVEGKGLAGGPPRDLGGQFF,TRA:TGTGCCGTGAGAGGACTCACGGGAGGAGGAAACAAACTCACCTTT;TRB:TGCAGCGTTGAAGGGAAAGGACTAGCGGGGGGCCCACCCCGAGATTTAGGTGGGCAGTTCTTC
clonotype238,1,0.00102145045965,TRA:CAVNPTQGGSEKLVF;TRB:CASRPAGTQYF,TRA:TGTGCCGTGAACCCCACTCAGGGCGGATCTGAAAAGCTGGTCTTT;TRB:TGTGCCAGCAGGCCGGCGGGTACGCAGTATTTT
clonotype239,1,0.00102145045965,TRA:CAVKHYGGATNKLIF;TRB:CASSIIGLAGRTDTQYF,TRA:TGTGCTGTTAAGCATTATGGTGGTGCTACAAACAAGCTCATCTTT;TRB:TGTGCCAGTAGTATAATCGGGCTAGCGGGGAGGACAGATACGCAGTATTTT
clonotype333,1,0.00102145045965,TRA:CAVWTNTGNQFYF;TRB:CASSARDRSSYEQYF,TRA:TGTGCTGTGTGGACGAACACCGGTAACCAGTTCTATTTT;TRB:TGTGCCAGCAGTGCCCGGGACAGGAGCTCCTACGAGCAGTACTTC
clonotype332,1,0.00102145045965,TRA:CAVENTGANSKLTF,TRA:TGTGCTGTCGAAAATACTGGAGCCAATAGTAAGCTGACATTT
clonotype335,1,0.00102145045965,TRA:CALTGAGSYQLTF;TRB:CASSLGQGDMGGGYTF,TRA:TGTGCTCTAACCGGGGCTGGGAGTTACCAACTCACTTTC;TRB:TGTGCCAGCAGCTTAGGACAGGGGGATATGGGAGGTGGCTACACCTTC
clonotype334,1,0.00102145045965,TRA:CAARGMRF;TRB:CASSEGAGGPWEQYF,TRA:TGTGCAGCAAGAGGCATGCGCTTT;TRB:TGTGCCAGCAGTGAAGGGGCAGGGGGACCCTGGGAGCAGTACTTC
clonotype337,1,0.00102145045965,TRA:CAGTSSTSGTYKYIF;TRB:CASSGQGTHQPQHF,TRA:TGTGCCGGGACCTCTTCTACCTCAGGAACCTACAAATACATCTTT;TRB:TGTGCCAGCAGCGGACAGGGAACCCATCAGCCCCAGCATTTT
clonotype336,1,0.00102145045965,TRB:CASKLAGNVETQYF,TRB:TGTGCCAGTAAACTAGCGGGGAACGTGGAGACCCAGTACTTC
clonotype339,1,0.00102145045965,TRA:CILRDGGSYGGATNKLIF;TRB:CASSWTSGQFF,TRA:TGCATCCTGAGAGACGGGGGGTCTTATGGTGGTGCTACAAACAAGCTCATCTTT;TRB:TGTGCCAGCAGTTGGACTAGCGGGCAGTTCTTC
clonotype338,1,0.00102145045965,TRA:CALLNQAGTALIF;TRB:CASSEGSHSPNYGYTF,TRA:TGTGCTTTGCTCAACCAGGCAGGAACTGCTCTGATCTTT;TRB:TGTGCCAGCTCGGAGGGAAGTCACAGCCCTAACTATGGCTACACCTTC
clonotype232,1,0.00102145045965,TRB:CASSLGGHPQETQYF,TRB:TGCGCCAGCAGCTTGGGGGGACACCCACAAGAGACCCAGTACTTC
clonotype233,1,0.00102145045965,TRA:CAASATGAGSYQLTF,TRA:TGTGCAGCAAGCGCGACTGGGGCTGGGAGTTACCAACTCACTTTC
clonotype234,1,0.00102145045965,TRA:CAGSGYGGSQGNLIF;TRB:CASSINWGGETQYF,TRA:TGTGCTGGTTCGGGTTATGGAGGAAGCCAAGGAAATCTCATCTTT;TRB:TGTGCCAGCAGCATTAACTGGGGAGGCGAGACCCAGTACTTC
clonotype235,1,0.00102145045965,TRA:CAHHDNYGQNFVF;TRB:CASSKSGSGANVLTF,TRA:TGTGCCCATCACGATAACTATGGTCAGAATTTTGTCTTT;TRB:TGTGCCAGTAGTAAGTCTGGCTCTGGGGCCAACGTCCTGACTTTC
clonotype236,1,0.00102145045965,TRA:CAVGLMNYGGSQGNLIF;TRB:CASSELPNTEAFF,TRA:TGTGCTGTGGGTCTCATGAATTATGGAGGAAGCCAAGGAAATCTCATCTTT;TRB:TGTGCCAGCAGTGAACTGCCGAACACTGAAGCTTTCTTT
clonotype237,1,0.00102145045965,TRA:CAENIGSNYKLTF;TRB:CASSPRVSGGNQPQHF,TRA:TGTGCAGAGAATATTGGTAGCAACTATAAACTGACATTT;TRB:TGTGCCAGCAGCCCCCGGGTCTCCGGAGGCAATCAGCCCCAGCATTTT
clonotype230,1,0.00102145045965,TRB:CASTRESSYNEQFF,TRB:TGTGCCAGCACCCGTGAGAGCTCCTACAATGAGCAGTTCTTC
clonotype231,1,0.00102145045965,TRA:CIVRPFGGSNYKLTF;TRB:CSAIGQVGNEQFF,TRA:TGCATCGTCAGACCCTTTGGAGGTAGCAACTATAAACTGACATTT;TRB:TGCAGTGCCATAGGACAGGTTGGGAATGAGCAGTTCTTC
clonotype199,1,0.00102145045965,TRA:CAETPNQGGKLIF;TRB:CATSRGQGASEQFF,TRA:TGTGCAGAGACCCCTAACCAGGGAGGAAAGCTTATCTTC;TRB:TGTGCCACCAGCAGAGGTCAGGGGGCGTCCGAGCAGTTCTTC
clonotype198,1,0.00102145045965,TRA:CAPGGGSYIPTF;TRB:CASSESPDTEAFF,TRA:TGTGCTCCCGGGGGGGGAAGCTACATACCTACATTT;TRB:TGCGCCAGCAGTGAGTCCCCAGACACTGAAGCTTTCTTT
clonotype195,1,0.00102145045965,TRA:CAVSPSGGGGNKLTF;TRB:CASSFGGAYNQPQHF,TRA:TGTGCTGTGAGTCCCTCAGGGGGAGGAGGAAACAAACTCACCTTT;TRB:TGTGCCAGCAGTTTCGGAGGGGCGTACAATCAGCCCCAGCATTTT
clonotype194,1,0.00102145045965,TRA:CALVTGGGNKLTF;TRB:CASSLVPTNRAGNTIYF,TRA:TGTGCTCTGGTCACGGGAGGAGGAAACAAACTCACCTTT;TRB:TGTGCCAGCAGCTTAGTCCCAACCAACAGGGCTGGAAACACCATATATTTT
clonotype197,1,0.00102145045965,TRB:CAISETGSNEQYF,TRB:TGTGCCATCAGTGAGACAGGTTCCAACGAGCAGTACTTC
clonotype196,1,0.00102145045965,TRA:CAVRGDDYKLSF;TRB:CASSSEAGTSASYNEQFF,TRA:TGTGCTGTGAGAGGTGACGACTACAAGCTCAGCTTT;TRB:TGTGCCAGCAGCTCGGAAGCCGGGACTAGCGCAAGCTACAATGAGCAGTTCTTC
clonotype191,1,0.00102145045965,TRA:CALGYSSASKIIF;TRB:CASSPPPGSYNSPLHF,TRA:TGTGCTCTGGGGTACAGCAGTGCTTCCAAGATAATCTTT;TRB:TGTGCCAGCTCACCACCTCCGGGAAGCTATAATTCACCCCTCCACTTT
clonotype190,1,0.00102145045965,TRA:CAVDGDYNQGGKLIF;TRB:CASSYPTPGTGTISGANVLTF,TRA:TGTGCCGTGGACGGGGATTATAACCAGGGAGGAAAGCTTATCTTC;TRB:TGTGCCAGCAGTTACCCTACACCTGGGACAGGGACAATCTCTGGGGCCAACGTCCTGACTTTC
clonotype193,1,0.00102145045965,TRA:CAILSNDYKLSF;TRB:CASSAWASGGPGETQYF,TRA:TGTGCTATCCTCTCTAACGACTACAAGCTCAGCTTT;TRB:TGTGCCAGCAGTGCTTGGGCTAGCGGGGGGCCGGGAGAGACCCAGTACTTC
clonotype192,1,0.00102145045965,TRA:CALSGIPNAGKSTF;TRB:CASSLRTGTRGTEAFF,TRA:TGTGCTCTGAGTGGTATCCCCAATGCAGGCAAATCAACCTTT;TRB:TGTGCCAGCAGCTTACGAACAGGTACTAGGGGCACTGAAGCTTTCTTT
clonotype429,1,0.00102145045965,TRA:CALRINTGNQFYF;TRB:CAIRTGTGFHEQYF,TRA:TGTGCTCTGAGGATAAACACCGGTAACCAGTTCTATTTT;TRB:TGTGCCATCAGAACCGGGACAGGGTTTCACGAGCAGTACTTC
clonotype428,1,0.00102145045965,TRA:CAGGAQKLVF;TRA:CAVSSPFQGAQKLVF,TRA:TGTGCAGGAGGGGCCCAGAAGCTGGTATTT;TRA:TGTGCCGTGTCCAGTCCTTTTCAGGGAGCCCAGAAGCTGGTATTT
clonotype425,1,0.00102145045965,TRA:CAVGSSNTGKLIF;TRB:CASIPTLGLGATQYF,TRA:TGTGCTGTGGGCTCTAGCAACACAGGCAAACTAATCTTT;TRB:TGTGCCAGCATCCCCACCCTCGGACTAGGGGCTACCCAGTACTTC
clonotype424,1,0.00102145045965,TRA:CALITNTGNQFYF;TRB:CASSFRSTGELFF,TRA:TGTGCTCTCATTACGAACACCGGTAACCAGTTCTATTTT;TRB:TGTGCCAGCAGCTTTAGGAGCACCGGGGAGCTGTTTTTT
clonotype427,1,0.00102145045965,TRA:CAMSAYGNNRLAF;TRB:CATSRVNEKLFF,TRA:TGTGCAATGAGTGCCTATGGGAACAACAGACTCGCTTTT;TRB:TGTGCCACCAGCAGAGTAAATGAAAAACTGTTTTTT
clonotype488,1,0.00102145045965,TRA:CVVIENSGYALNF;TRB:CSARVGGREAFF,TRA:TGTGTGGTGATCGAAAATTCCGGGTATGCACTCAACTTC;TRB:TGCAGTGCTAGAGTCGGGGGGAGGGAAGCTTTCTTT
clonotype421,1,0.00102145045965,TRA:CAVNTGNQFYF;TRB:CASRRSGLAGRETQYF,TRA:TGTGCAGTTAACACCGGTAACCAGTTCTATTTT;TRB:TGTGCCAGCCGGCGATCCGGACTAGCGGGAAGAGAGACCCAGTACTTC
clonotype420,1,0.00102145045965,TRA:CAASKSGGSNYKLTF;TRA:CAFMVRSGTYKYIF;TRB:CASSPHGWLAYEQYF,TRA:TGTGCAGCAAGTAAAAGTGGAGGTAGCAACTATAAACTGACATTT;TRA:TGTGCTTTCATGGTACGCTCAGGAACCTACAAATACATCTTT;TRB:TGCGCCAGCAGCCCCCATGGGTGGTTGGCCTACGAGCAGTACTTC
clonotype423,1,0.00102145045965,TRA:CAVFLSNFGNEKLTF;TRB:CASSLGGYNSPLHF,TRA:TGTGCTGTTTTCCTATCTAACTTTGGAAATGAGAAATTAACCTTT;TRB:TGCGCCAGCAGCTTAGGCGGTTATAATTCACCCCTCCACTTT
clonotype422,1,0.00102145045965,TRA:CAVILFTGGGNKLTF;TRB:CASSRTSGQETQYF,TRA:TGTGCCGTGATCCTCTTCACGGGAGGAGGAAACAAACTCACCTTT;TRB:TGTGCCAGCAGCCGGACTAGCGGCCAAGAGACCCAGTACTTC
clonotype344,1,0.00102145045965,TRB:CASSLEGGLYNEQFF,TRB:TGTGCCAGCAGTTTAGAAGGCGGCCTATACAATGAGCAGTTCTTC
clonotype528,1,0.00102145045965,TRA:CAFFYILTGGGNKLTF;TRA:CAVSEGSNDYKLSF;TRB:CASGGTGGTYGYTF,TRA:TGTGCCTTCTTTTATATACTCACGGGAGGAGGAAACAAACTCACCTTT;TRA:TGTGCTGTGAGTGAAGGATCTAACGACTACAAGCTCAGCTTT;TRB:TGTGCCAGCGGGGGAACAGGGGGAACCTATGGCTACACCTTC
clonotype346,1,0.00102145045965,TRB:CASSPRTQDYEQYF,TRB:TGTGCCAGCAGTCCCCGGACCCAGGACTACGAGCAGTACTTC
clonotype109,1,0.00102145045965,TRA:CAGGVDNAGNMLTF;TRB:CASSWGDYEQYF,TRA:TGTGCAGGGGGGGTGGATAATGCAGGCAACATGCTCACCTTT;TRB:TGTGCCAGCAGCTGGGGCGACTACGAGCAGTACTTC
clonotype340,1,0.00102145045965,TRA:CAAQNNNNDMRF;TRB:CASSPRTARYEQYF,TRA:TGTGCAGCTCAAAACAATAACAATGACATGCGCTTT;TRB:TGTGCCAGCAGCCCGCGGACAGCACGATACGAGCAGTACTTC
clonotype341,1,0.00102145045965,TRA:CATDVMDNFNKFYF;TRA:CAVRERGNYGGSQGNLIF;TRB:CASSETVPAGGYTF,TRA:TGTGCTACGGACGTCATGGACAACTTCAACAAATTTTACTTT;TRA:TGTGCTGTGAGAGAACGGGGAAATTATGGAGGAAGCCAAGGAAATCTCATCTTT;TRB:TGTGCCAGCAGTGAAACAGTACCGGCGGGTGGCTACACCTTC
clonotype342,1,0.00102145045965,TRA:CAGAKGTYKYIF;TRB:CASSSLRQPQHF,TRA:TGTGCAGGAGCAAAAGGAACCTACAAATACATCTTT;TRB:TGTGCCAGTAGTTCCCTCCGGCAGCCCCAGCATTTT
clonotype343,1,0.00102145045965,TRA:CATDAIQGAQKLVF;TRB:CASSPLQGKTQYF,TRA:TGTGCTACGGACGCGATTCAGGGAGCCCAGAAGCTGGTATTT;TRB:TGTGCCAGCTCACCACTACAGGGGAAGACCCAGTACTTC
clonotype348,1,0.00102145045965,TRA:CAEILDTGRRALTF,TRA:TGTGCAGAGATCCTGGACACGGGCAGGAGAGCACTTACTTTT
clonotype349,1,0.00102145045965,TRA:CVVNLNFNKFYF;TRB:CASGLVAPSSGDDTEAFF,TRA:TGTGTGGTGAACTTAAACTTCAACAAATTTTACTTT;TRB:TGTGCTAGTGGTTTGGTCGCCCCCTCCTCAGGGGACGACACTGAAGCTTTCTTT
clonotype519,1,0.00102145045965,TRA:CGASIPRGAGGTSYGKLTF;TRB:CASSFGTSWAGELFF,TRA:TGTGGAGCATCAATCCCTCGGGGTGCTGGTGGTACTAGCTATGGAAAGCTGACATTT;TRB:TGTGCCAGCAGCTTTGGGACTAGCTGGGCCGGGGAGCTGTTTTTT
clonotype161,1,0.00102145045965,TRA:CILRVNYGGSQGNLIF;TRB:CSARVEVISYEQYF,TRA:TGCATCCTGAGAGTGAATTATGGAGGAAGCCAAGGAAATCTCATCTTT;TRB:TGCAGTGCTAGGGTTGAGGTCATATCCTACGAGCAGTACTTC
clonotype162,1,0.00102145045965,TRB:CASSRDRVNSPLHF,TRB:TGTGCCAGCAGTCGGGACAGGGTTAATTCACCCCTCCACTTT
clonotype163,1,0.00102145045965,TRA:CAVSRLTGGGNKLTF;TRB:CASSQLAGGMYEQYF,TRA:TGTGCTGTGAGTAGGCTCACGGGAGGAGGAAACAAACTCACCTTT;TRB:TGTGCCAGCAGCCAACTAGCGGGAGGGATGTACGAGCAGTACTTC
clonotype164,1,0.00102145045965,TRA:CAVSDPGTSYGKLTF;TRB:CASSEFVEQYF,TRA:TGTGCTGTGAGTGATCCGGGTACTAGCTATGGAAAGCTGACATTT;TRB:TGTGCCAGCAGTGAATTTGTCGAGCAGTACTTC
clonotype165,1,0.00102145045965,TRA:CAVYNAGNNRKLIW;TRB:CASSPRSGSSSYNSPLHF,TRA:TGTGCTGTCTATAATGCTGGCAACAACCGTAAGCTGATTTGG;TRB:TGTGCCAGCAGTCCCCGGAGCGGGTCGAGCTCCTATAATTCACCCCTCCACTTT
clonotype166,1,0.00102145045965,TRA:CAVRDGGATNKLIF;TRB:CASSLVPQGGQETQYF,TRA:TGTGCTGTGAGAGATGGTGGTGCTACAAACAAGCTCATCTTT;TRB:TGTGCCAGCAGCTTGGTGCCTCAGGGGGGACAAGAGACCCAGTACTTC
clonotype167,1,0.00102145045965,TRA:CASFGNEKLTF;TRB:CASSDSNGGPQHF,TRA:TGTGCCTCCTTTGGAAATGAGAAATTAACCTTT;TRB:TGTGCCAGCAGTGACTCAAACGGGGGACCCCAGCATTTT
clonotype168,1,0.00102145045965,TRA:CAVGGFWDMRF;TRB:CASSIRLVSYEQYF,TRA:TGTGCTGTGGGTGGATTTTGGGACATGCGCTTT;TRB:TGTGCCAGTAGTATACGATTGGTCTCCTACGAGCAGTACTTC
clonotype169,1,0.00102145045965,TRB:CASSPTQGANTEAFF,TRB:TGTGCCAGCTCACCAACCCAGGGGGCCAACACTGAAGCTTTCTTT
clonotype513,1,0.00102145045965,TRA:CAVSTFKAAGNKLTF;TRB:CASSSDRGSYNEQFF,TRA:TGTGCTGTGAGTACCTTCAAAGCTGCAGGCAACAAGCTAACTTTT;TRB:TGTGCCAGCAGTTCTGACAGGGGCTCCTACAATGAGCAGTTCTTC
clonotype512,1,0.00102145045965,TRB:CASSVSSVNEKLFF,TRB:TGTGCCAGCAGCGTAAGTTCGGTAAATGAAAAACTGTTTTTT
clonotype515,1,0.00102145045965,TRA:CAVSDSNYQLIW;TRB:CASSGTSGGADTQYF,TRA:TGTGCTGTGAGCGATAGCAACTATCAGTTAATCTGG;TRB:TGTGCCAGCAGCGGGACTAGCGGGGGGGCCGATACGCAGTATTTT
clonotype514,1,0.00102145045965,TRA:CAASANTDKLIF;TRB:CASTGGWNEQFF,TRA:TGTGCAGCAAGCGCGAACACCGACAAGCTCATCTTT;TRB:TGCGCCAGTACTGGCGGGTGGAATGAGCAGTTCTTC
clonotype517,1,0.00102145045965,TRA:CAVRDQGGGSQGNLIF;TRB:CASSVLAGWSYNEQFF,TRA:TGTGCTGTGAGAGACCAAGGTGGAGGAAGCCAAGGAAATCTCATCTTT;TRB:TGTGCCAGCAGCGTCCTAGCGGGATGGTCATACAATGAGCAGTTCTTC
clonotype516,1,0.00102145045965,TRA:CAVGRPGDTDKLIF;TRB:CASSDNPYEQYF,TRA:TGTGCTGTCGGGAGGCCCGGGGACACCGACAAGCTCATCTTT;TRB:TGTGCCAGCAGTGACAATCCTTACGAGCAGTACTTC
clonotype393,1,0.00102145045965,TRA:CILRNSGGSNYKLTF;TRB:CASSATPGRGGTDTQYF,TRA:TGCATCCTGAGAAATAGTGGAGGTAGCAACTATAAACTGACATTT;TRB:TGTGCCAGCAGCGCAACCCCGGGGCGGGGGGGCACAGATACGCAGTATTTT
clonotype392,1,0.00102145045965,TRA:CAGGDTPTNAGKSTF;TRA:CAGKGGATNKLIF,TRA:TGTGCAGGAGGGGATACTCCCACCAATGCAGGCAAATCAACCTTT;TRA:TGTGCAGGGAAGGGTGGTGCTACAAACAAGCTCATCTTT
clonotype391,1,0.00102145045965,TRA:CAMREWDNYGQNFVF;TRB:CASRAGDTQYF,TRA:TGTGCAATGAGAGAGTGGGATAACTATGGTCAGAATTTTGTCTTT;TRB:TGCGCCAGCAGAGCAGGGGACACGCAGTATTTT
clonotype390,1,0.00102145045965,TRA:CAASKGDDKIIF;TRB:CASGLSLAGDYEQYF,TRA:TGTGCAGCAAGTAAAGGAGATGACAAGATCATCTTT;TRB:TGTGCTAGTGGTCTATCTCTGGCGGGAGACTACGAGCAGTACTTC
clonotype397,1,0.00102145045965,TRA:CAASKGNAGKSTF;TRB:CASRLAGVGANVLTF,TRA:TGTGCAGCAAGTAAGGGAAATGCAGGCAAATCAACCTTT;TRB:TGTGCCAGCCGTTTAGCGGGAGTTGGGGCCAACGTCCTGACTTTC
clonotype396,1,0.00102145045965,TRA:CALKPGRPGDPREAPARLMF;TRA:CAVRDSLYNFNKFYF;TRB:CASSDGPDRGNSPLHF,TRA:TGTGCTCTGAAACCCGGGAGGCCCGGGGATCCCCGGGAGGCCCCCGCCAGACTCATGTTT;TRA:TGTGCTGTGAGAGACTCCTTATACAACTTCAACAAATTTTACTTT;TRB:TGTGCCAGCAGTGATGGGCCGGACAGGGGGAATTCACCCCTCCACTTT
clonotype395,1,0.00102145045965,TRA:CAVNFGRETSGSRLTF,TRA:TGTGCCGTGAATTTTGGGAGGGAAACCAGTGGCTCTAGGTTGACCTTT
clonotype394,1,0.00102145045965,TRA:CAVVPRGNQGGKLIF,TRA:TGTGCTGTGGTCCCCAGGGGGAACCAGGGAGGAAAGCTTATCTTC
clonotype399,1,0.00102145045965,TRA:CALPPGSNSGYALNF;TRB:CASTHLNNEQFF,TRA:TGTGCTCTGCCCCCGGGTTCAAATTCCGGGTATGCACTCAACTTC;TRB:TGTGCCAGCACCCACCTAAACAATGAGCAGTTCTTC
clonotype398,1,0.00102145045965,TRA:CASNTGGSKTIF;TRB:CASSSMEREGETQYF,TRA:TGTGCATCAAATACTGGAGGCTCCAAAACTATCTTT;TRB:TGTGCCAGCAGCTCCATGGAGCGGGAGGGGGAGACCCAGTACTTC
clonotype224,1,0.00102145045965,TRA:CIVRAPQGGSEKLVF;TRB:CASSLDLLSYEQYF,TRA:TGCATCGTCAGAGCCCCTCAGGGCGGATCTGAAAAGCTGGTCTTT;TRB:TGCGCCAGCAGCTTAGACCTGCTCTCCTACGAGCAGTACTTC
clonotype308,1,0.00102145045965,TRA:CATGPNTGGFKTIF;TRB:CASRVTGTTEAFF,TRA:TGTGCTACGGGCCCAAATACTGGAGGCTTCAAAACTATCTTT;TRB:TGTGCCAGCAGAGTAACCGGGACAACTGAAGCTTTCTTT
clonotype309,1,0.00102145045965,TRA:CAGPSGNTPLVF;TRB:CASEFTTGYSPLHF,TRA:TGTGCTGGGCCTTCGGGAAACACACCTCTTGTCTTT;TRB:TGTGCCAGCGAATTTACAACAGGGTATTCACCCCTCCACTTT
clonotype463,1,0.00102145045965,TRA:CAVRVLTGGFKTIF;TRB:CASSIPGDAEAFF,TRA:TGTGCTGTGAGAGTCCTTACTGGAGGCTTCAAAACTATCTTT;TRB:TGTGCCAGTAGTATCCCGGGAGACGCTGAAGCTTTCTTT
clonotype462,1,0.00102145045965,TRB:CASSYSAGAVKNIQYF,TRB:TGTGCCAGCAGTTACTCAGCAGGGGCGGTCAAAAACATTCAGTACTTC
clonotype465,1,0.00102145045965,TRA:CAVDPYATSGTYKYIF;TRB:CSAKGGFDNQPQHF,TRA:TGTGCTGTGGACCCATACGCTACCTCAGGAACCTACAAATACATCTTT;TRB:TGCAGTGCTAAGGGGGGGTTCGACAATCAGCCCCAGCATTTT
clonotype464,1,0.00102145045965,TRA:CAASGRGSARQLTF,TRA:TGTGCAGCAAGCGGGCGCGGTTCTGCAAGGCAACTGACCTTT
clonotype467,1,0.00102145045965,TRA:CAVGVQTGGFKTIF;TRB:CASSARSYEAEAFF,TRA:TGTGCTGTGGGTGTCCAAACTGGAGGCTTCAAAACTATCTTT;TRB:TGTGCCAGCAGCGCGCGAAGTTATGAGGCTGAAGCTTTCTTT
clonotype87,1,0.00102145045965,TRA:CAVMNTGKLIF;TRB:CASSFPPDSGANVLTF,TRA:TGTGCCGTGATGAACACAGGCAAACTAATCTTT;TRB:TGTGCCAGCAGCTTCCCGCCGGATTCTGGGGCCAACGTCCTGACTTTC
clonotype469,1,0.00102145045965,TRA:CVSYGSSNTGKLIF;TRB:CASTPRGGARSGELFF,TRA:TGTGTGTCGTATGGCTCTAGCAACACAGGCAAACTAATCTTT;TRB:TGTGCCAGCACTCCAAGGGGAGGGGCCAGATCCGGGGAGCTGTTTTTT
clonotype468,1,0.00102145045965,TRA:CASYTGNQFYF;TRA:CAVSDLRDSSYKLIF;TRB:CSARDFGTGSYEQYF,TRA:TGTGCCTCTTACACCGGTAACCAGTTCTATTTT;TRA:TGTGCTGTGAGTGATCTAAGGGATAGCAGCTATAAATTGATCTTC;TRB:TGCAGTGCTAGAGATTTCGGGACAGGCTCCTACGAGCAGTACTTC
clonotype302,1,0.00102145045965,TRA:CVAFTGTASKLTF;TRB:CASSYTLGTGALGQYF,TRA:TGTGTGGCTTTTACCGGCACTGCCAGTAAACTCACCTTT;TRB:TGTGCCAGCAGCTATACTCTCGGGACAGGGGCCCTCGGGCAGTACTTC
clonotype303,1,0.00102145045965,TRA:CALTPDQTGANNLFF;TRB:CASSPFSALAGASDTQYF,TRA:TGTGCTCTTACCCCTGATCAAACTGGGGCAAACAACCTCTTCTTT;TRB:TGTGCCAGCAGCCCGTTTTCTGCCCTAGCGGGAGCATCAGATACGCAGTATTTT
clonotype304,1,0.00102145045965,TRA:CASPNDYKLSF;TRB:CASSADRAFRYGYTF,TRA:TGTGCCTCCCCTAACGACTACAAGCTCAGCTTT;TRB:TGTGCCAGCAGTGCGGACAGGGCCTTTCGATATGGCTACACCTTC
clonotype305,1,0.00102145045965,TRB:CASSGTGYTDTQYF,TRB:TGTGCCAGCAGCGGGACAGGATACACAGATACGCAGTATTTT
clonotype306,1,0.00102145045965,TRA:CIVRVAVHSGTYKYIF;TRB:CASSQDPFTSGGYYEQYF,TRA:TGCATCGTCAGAGTCGCAGTCCACTCAGGAACCTACAAATACATCTTT;TRB:TGCGCCAGCAGCCAAGACCCTTTCACTAGCGGGGGATACTACGAGCAGTACTTC
clonotype307,1,0.00102145045965,TRA:CAAPNSGYALNF;TRB:CASSQIGAGEKNEQFF,TRA:TGTGCAGCCCCTAATTCCGGGTATGCACTCAACTTC;TRB:TGCGCCAGCAGCCAAATAGGGGCGGGAGAGAAGAATGAGCAGTTCTTC
clonotype267,1,0.00102145045965,TRA:CAGVFAGNNRKLIW;TRB:CASKGQQRAGNEQFF,TRA:TGTGCAGGAGTCTTCGCTGGCAACAACCGTAAGCTGATTTGG;TRB:TGTGCCAGTAAGGGGCAGCAGCGGGCGGGGAATGAGCAGTTCTTC
clonotype266,1,0.00102145045965,TRA:CAASISDGGSQGNLIF;TRB:CASGLVGGGAFF;TRB:CKAARSYEQYF,TRA:TGTGCAGCAAGTATTAGCGATGGAGGAAGCCAAGGAAATCTCATCTTT;TRB:TGTAAGGCGGCTCGCTCCTACGAGCAGTACTTC;TRB:TGTGCTAGTGGTTTGGTAGGGGGGGGAGCTTTCTTT
clonotype265,1,0.00102145045965,TRA:CALRGGGAAGNKLTF;TRA:CAVRAYNNARLMF;TRB:CASTPGRGNYGYTF,TRA:TGTGCTCTAAGGGGGGGGGGAGCTGCAGGCAACAAGCTAACTTTT;TRA:TGTGCTGTGAGAGCTTATAACAATGCCAGACTCATGTTT;TRB:TGTGCCAGCACCCCCGGGAGGGGAAACTATGGCTACACCTTC
clonotype264,1,0.00102145045965,TRA:CALSSGLTGGGNKLTF;TRB:CSVGTGGAGYGYTF,TRA:TGTGCTCTGAGTAGCGGGCTCACGGGAGGAGGAAACAAACTCACCTTT;TRB:TGCAGCGTTGGTACAGGGGGCGCCGGTTATGGCTACACCTTC
clonotype263,1,0.00102145045965,TRA:CAVRPGETSYDKVIF;TRB:CASKPMASSSAFF,TRA:TGTGCTGTGAGGCCGGGGGAAACCTCCTACGACAAGGTGATATTT;TRB:TGTGCCAGCAAACCAATGGCGAGTTCCAGTGCTTTCTTT
clonotype262,1,0.00102145045965,TRA:CAGPLIAGAQKLVF;TRB:CASSLKTGNSPLHF,TRA:TGTGCTGGGCCTCTAATTGCGGGAGCCCAGAAGCTGGTATTT;TRB:TGTGCCAGCAGCTTGAAGACTGGCAATTCACCCCTCCACTTT
clonotype261,1,0.00102145045965,TRA:CAVREIMDTGRRALTF;TRB:CASSPWGQGLGAFF;TRB:CASSQIGAGEKNEQFF,TRA:TGTGCTGTGAGAGAGATCATGGACACGGGCAGGAGAGCACTTACTTTT;TRB:TGCGCCAGCAGCCAAATAGGGGCGGGAGAGAAGAATGAGCAGTTCTTC;TRB:TGTGCCAGCAGCCCTTGGGGACAGGGCCTCGGGGCTTTCTTT
clonotype260,1,0.00102145045965,TRB:CASSGTNYGYTF,TRB:TGTGCCAGCAGCGGCACTAACTATGGCTACACCTTC
clonotype269,1,0.00102145045965,TRA:CAVGASGSQGNLIF;TRB:CASSLEGVSGEQYF,TRA:TGTGCTGTGGGTGCATCGGGAAGCCAAGGAAATCTCATCTTT;TRB:TGCGCCAGCAGCTTGGAGGGGGTTAGTGGCGAGCAGTACTTC
clonotype268,1,0.00102145045965,TRA:CAVGADSNYQLIW;TRB:CASSLGGDGTGELFF,TRA:TGTGCTGTGGGTGCGGACAGCAACTATCAGTTAATCTGG;TRB:TGTGCCAGCAGCTTAGGAGGGGACGGCACCGGGGAGCTGTTTTTT
clonotype520,1,0.00102145045965,TRA:CALSVNSGNTPLVF;TRB:CSARSGGSLNTEAFF,TRA:TGTGCTCTGAGTGTCAATTCAGGAAACACACCTCTTGTCTTT;TRB:TGCAGTGCGCGTTCAGGGGGCTCGTTGAACACTGAAGCTTTCTTT
clonotype521,1,0.00102145045965,TRA:CAVNGPYNFNKFYF,TRA:TGTGCCGTGAACGGGCCGTACAACTTCAACAAATTTTACTTT
clonotype522,1,0.00102145045965,TRA:CAVRDNYGQNFVF;TRB:CASSLAQGSYNEQFF,TRA:TGTGCTGTGAGGGATAACTATGGTCAGAATTTTGTCTTT;TRB:TGCGCCAGCAGCTTGGCCCAAGGGTCCTACAATGAGCAGTTCTTC
clonotype523,1,0.00102145045965,TRA:CAVNPGGSARQLTF;TRB:CASSPTQGANTEAFF,TRA:TGTGCCGTGAACCCCGGAGGTTCTGCAAGGCAACTGACCTTT;TRB:TGTGCCAGCTCACCAACCCAGGGGGCCAACACTGAAGCTTTCTTT
clonotype524,1,0.00102145045965,TRA:CAVEGANNLFF;TRA:CAVRGTFGNEKLTF;TRB:CASSQTGAGPEQYF,TRA:TGTGCTGTGCGGGGGACCTTTGGAAATGAGAAATTAACCTTT;TRA:TGTGCTGTGGAAGGGGCAAACAACCTCTTCTTT;TRB:TGTGCCAGCAGCCAAACCGGGGCCGGACCTGAGCAGTACTTC
clonotype525,1,0.00102145045965,TRB:CSASGSFYGYTF,TRB:TGCAGTGCTAGTGGTAGCTTCTATGGCTACACCTTC
clonotype526,1,0.00102145045965,TRA:CAGKRGSQGNLIF;TRB:CASNDRNNQPQHF,TRA:TGTGCAGGGAAACGGGGAAGCCAAGGAAATCTCATCTTT;TRB:TGTGCCAGCAATGACAGGAACAATCAGCCCCAGCATTTT
clonotype527,1,0.00102145045965,TRB:CASNLGGNPDQPQHF,TRB:TGTGCCAGTAACTTGGGGGGAAATCCCGATCAGCCCCAGCATTTT
clonotype487,1,0.00102145045965,TRB:CSARVAPSYNEQFF,TRB:TGCAGTGCTAGAGTCGCTCCCTCCTACAATGAGCAGTTCTTC
clonotype486,1,0.00102145045965,TRB:CASRRRTRTPYYGYTF,TRB:TGTGCCAGCAGACGAAGGACACGAACCCCTTACTATGGCTACACCTTC
clonotype485,1,0.00102145045965,TRA:CALRGGGSNYKLTF,TRA:TGTGCTCTGAGAGGTGGAGGTAGCAACTATAAACTGACATTT
clonotype484,1,0.00102145045965,TRB:CASSYSSGFYGYTF,TRB:TGTGCCAGCAGTTACTCATCAGGGTTCTATGGCTACACCTTC
clonotype483,1,0.00102145045965,TRB:CASSLYGARANEQFF,TRB:TGTGCCAGCAGCTTATACGGGGCGAGGGCCAATGAGCAGTTCTTC
clonotype482,1,0.00102145045965,TRA:CAASSGTYKYIF;TRB:CASRLAGGRETQYF,TRA:TGTGCCGCCAGCTCAGGAACCTACAAATACATCTTT;TRB:TGTGCCAGTCGGCTAGCGGGGGGCCGGGAGACCCAGTACTTC
clonotype481,1,0.00102145045965,TRA:CALSAPDSWGKLQF;TRB:CASSYSNGLFRGVGNYGYTF,TRA:TGTGCTCTCTCCGCCCCTGACAGCTGGGGGAAATTGCAGTTT;TRB:TGTGCCAGCAGTTACTCGAATGGATTGTTTCGGGGGGTAGGGAACTATGGCTACACCTTC
clonotype480,1,0.00102145045965,TRA:CALDIFGSNYQLIW;TRB:CASSAGLAGGHGFF,TRA:TGTGCTCTAGACATTTTTGGAAGCAACTATCAGTTAATCTGG;TRB:TGTGCCAGTAGTGCGGGACTAGCGGGAGGGCATGGGTTCTTC
clonotype414,1,0.00102145045965,TRA:CALPVSNTDKLIF;TRA:CAVDASGGSYIPTF,TRA:TGTGCCGTGGACGCATCAGGAGGAAGCTACATACCTACATTT;TRA:TGTGCTCTCCCGGTTTCTAACACCGACAAGCTCATCTTT
clonotype415,1,0.00102145045965,TRA:CAAISSNTGKLIF;TRB:CSVEPVGTGGENEQFF,TRA:TGTGCTGCCATCTCTAGCAACACAGGCAAACTAATCTTT;TRB:TGCAGCGTTGAACCGGTGGGGACAGGGGGAGAAAATGAGCAGTTCTTC
clonotype416,1,0.00102145045965,TRA:CIPQVGGSQGNLIF;TRB:CASSVVPKLAGGYNEQFF,TRA:TGCATCCCCCAAGTAGGAGGAAGCCAAGGAAATCTCATCTTT;TRB:TGTGCCAGCAGCGTAGTCCCCAAACTAGCGGGGGGGTACAATGAGCAGTTCTTC
clonotype417,1,0.00102145045965,TRA:CALILSGGYNKLIF;TRB:CASSPGLNNSPLHF,TRA:TGTGCTCTTATCCTTTCTGGTGGCTACAATAAGCTGATTTTT;TRB:TGTGCCAGTAGCCCGGGACTAAATAATTCACCCCTCCACTTT
clonotype410,1,0.00102145045965,TRA:CAVRAMGQRYQLIW;TRB:CSAPANTGELFF,TRA:TGTGCTGTGAGAGCCATGGGTCAAAGGTATCAGTTAATCTGG;TRB:TGCAGTGCTCCCGCGAACACCGGGGAGCTGTTTTTT
clonotype411,1,0.00102145045965,TRA:CATDAGYSTLTF;TRB:CASSSSMGVIAEAFF,TRA:TGTGCTACGGACGCGGGATACAGCACCCTCACCTTT;TRB:TGTGCCAGCAGTTCATCGATGGGGGTTATTGCTGAAGCTTTCTTT
clonotype412,1,0.00102145045965,TRA:CAAREDTGFQKLVF;TRB:CASSPPGTGEPGTQYF,TRA:TGTGCCGCCCGGGAGGACACAGGCTTTCAGAAACTTGTATTT;TRB:TGCGCCAGCAGCCCCCCCGGGACAGGGGAACCGGGGACCCAGTACTTC
clonotype413,1,0.00102145045965,TRA:CAASISSGYSTLTF;TRB:CASTGTGGSNEKLFF,TRA:TGTGCAGCAAGTATAAGTTCAGGATACAGCACCCTCACCTTT;TRB:TGTGCCAGCACTGGTACAGGGGGGAGTAATGAAAAACTGTTTTTT
clonotype418,1,0.00102145045965,TRA:CAVILSGGYNKLIF;TRB:CASSLGRQGIYEQYF,TRA:TGTGCTGTGATCCTTTCTGGTGGCTACAATAAGCTGATTTTT;TRB:TGTGCCAGCAGCCTCGGGAGGCAGGGCATCTACGAGCAGTACTTC
clonotype419,1,0.00102145045965,TRB:CASSQQGFGTEAFF,TRB:TGTGCCAGCAGCCAACAGGGTTTTGGCACTGAAGCTTTCTTT
