clonotype_id,consensus_id,length,chain,v_gene,d_gene,j_gene,c_gene,full_length,productive,cdr3,cdr3_nt,reads,umis
clonotype100,clonotype100_consensus_1,550,IGK,IGKV1-5,None,IGKJ1,IGKC,True,True,CQHFDGYRAF,TGCCAACACTTTGATGGTTACCGGGCGTTC,259,23
clonotype101,clonotype101_consensus_1,677,IGH,IGHV3-11,IGHD2-21,IGHJ3,IGHG1,True,True,CARGGDSIDTFDVW,TGTGCGCGGGGTGGTGACTCTATTGATACTTTTGATGTCTGG,404,38
clonotype102,clonotype102_consensus_1,663,IGH,IGHV3-15,None,IGHJ4,IGHG1,True,True,CTTEVHW,TGTACCACAGAAGTCCACTGG,889,95
clonotype102,clonotype102_consensus_2,687,IGK,IGKV2-30,None,IGKJ1,IGKC,True,True,CMQGTHWWTF,TGCATGCAAGGTACACACTGGTGGACGTTC,16862,1376
clonotype103,clonotype103_consensus_1,686,IGH,IGHV3-15,IGHD6-6,IGHJ5,IGHA1,True,True,CTADLERYDSSSPDSW,TGTACCGCAGATCTTGAGAGGTATGACAGCTCGTCCCCCGACTCCTGG,6772,623
clonotype103,clonotype103_consensus_2,741,IGL,IGLV6-57,None,IGLJ3,IGLC2,True,True,CQSYDTSNWVF,TGTCAGTCTTATGATACCAGCAATTGGGTGTTC,12299,1174
clonotype104,clonotype104_consensus_1,580,IGK,IGKV6D-21,None,IGKJ1,IGKC,True,True,CHQSSALPRTF,TGTCATCAGAGTAGTGCTTTACCTCGAACGTTC,130,13
clonotype105,clonotype105_consensus_1,634,IGK,IGKV4-1,None,IGKJ2,IGKC,True,True,CQQYYSTPYTF,TGTCAGCAATATTATAGTACTCCGTACACTTTT,173,14
clonotype106,clonotype106_consensus_1,643,IGK,IGKV1D-39,None,IGKJ4,IGKC,True,True,CQQSYTTPLTF,TGTCAACAGAGTTACACTACCCCGCTCACTTTC,301,27
clonotype107,clonotype107_consensus_1,567,IGK,IGKV3-11,None,IGKJ3,IGKC,True,True,CQQRSNWPPGFTF,TGTCAGCAGCGTAGCAACTGGCCTCCGGGATTCACTTTC,221,18
clonotype108,clonotype108_consensus_1,566,IGK,IGKV3-15,None,IGKJ1,IGKC,True,True,CQQYNNWPPWTF,TGTCAGCAGTATAATAACTGGCCTCCGTGGACGTTC,350,31
clonotype109,clonotype109_consensus_1,564,IGK,IGKV3-20,None,IGKJ1,IGKC,True,True,CGSSPRTF,TGTGGTAGCTCACCTAGGACGTTC,308,27
clonotype109,clonotype109_consensus_2,462,IGH,IGHV4-59,IGHD2-15,IGHJ3,IGHM,True,True,CARSLYGGSLDIW,TGTGCGAGATCTCTGTATGGAGGTAGTCTTGATATCTGG,82,6
clonotype10,clonotype10_consensus_1,809,IGK,IGKV1-12,None,IGKJ5,IGKC,True,True,CLQGESYPLTF,TGTCTACAGGGTGAGAGTTACCCTCTCACCTTC,347846,27458
clonotype10,clonotype10_consensus_2,732,IGH,IGHV3-33,IGHD4-23,IGHJ4,IGHG2,True,True,CASDPPTAGDYGGGADFDYW,TGTGCGAGTGATCCCCCTACTGCGGGAGACTACGGTGGCGGAGCCGATTTTGACTACTGG,27104,2633
clonotype110,clonotype110_consensus_1,569,IGK,IGKV3-15,None,IGKJ1,IGKC,True,True,CQHYNNWPPWTF,TGTCAGCACTATAATAACTGGCCTCCGTGGACATTC,36419,2841
clonotype110,clonotype110_consensus_2,698,IGH,IGHV3-23,IGHD6-13,IGHJ4,IGHA2,True,True,CAQNSRGTAAALFDYW,TGTGCGCAAAATTCCCGTGGGACAGCAGCAGCCCTCTTCGACTACTGG,3920,353
clonotype111,clonotype111_consensus_1,568,IGK,IGKV3-15,None,IGKJ2,IGKC,True,True,CQQYNDWPPAYTF,TGTCAGCAGTATAATGACTGGCCTCCGGCGTACACTTTT,881,76
clonotype112,clonotype112_consensus_1,727,IGK,IGKV3D-15,None,IGKJ2,IGKC,True,True,CQQYIMWPNTF,TGTCAGCAGTATATTATGTGGCCTAATACTTTT,42946,3284
clonotype112,clonotype112_consensus_2,743,IGH,IGHV4-59,IGHD2-8,IGHJ3,IGHG2,True,True,CATNAGGHLAGAFDIW,TGTGCGACTAATGCCGGGGGTCATCTCGCGGGTGCTTTTGATATCTGG,2789,243
clonotype113,clonotype113_consensus_1,687,IGH,IGHV3-73,IGHD3-16,IGHJ4,IGHG2,True,True,CIRRVDDTLGGEDYW,TGTATCCGACGGGTGGATGACACGCTCGGGGGGGAGGACTACTGG,897,77
clonotype113,clonotype113_consensus_2,667,IGK,IGKV3-20,None,IGKJ1,IGKC,True,True,CHQYDTVPWTF,TGTCACCAGTATGATACTGTACCCTGGACGTTC,3920,320
clonotype114,clonotype114_consensus_1,666,IGK,IGKV3-20,None,IGKJ1,IGKC,True,True,CQHFGSSSWTF,TGTCAGCACTTTGGTAGCTCATCCTGGACGTTC,1205,102
clonotype114,clonotype114_consensus_2,563,IGH,IGHV3-21,IGHD4-23,IGHJ4,IGHM,True,True,CARGERAAVTTYW,TGTGCGAGAGGAGAGCGGGCGGCGGTAACCACCTACTGG,227,20
clonotype115,clonotype115_consensus_1,570,IGK,IGKV3-15,None,IGKJ1,IGKC,True,True,CQQYNNWPPRWTF,TGTCAGCAGTATAATAACTGGCCCCCGAGGTGGACGTTC,169,16
clonotype116,clonotype116_consensus_1,679,IGH,IGHV3-7,IGHD5-24,IGHJ4,IGHG1,True,True,CARRRSGDGWTIDYW,TGTGCGAGAAGGCGGTCTGGCGATGGCTGGACCATTGACTACTGG,333,38
clonotype116,clonotype116_consensus_2,589,IGK,IGKV2D-28,None,IGKJ5,IGKC,True,True,CMQPLHIPLTF,TGCATGCAACCTCTACATATTCCCCTCACCTTC,4495,390
clonotype117,clonotype117_consensus_1,673,IGK,IGKV3-15,None,IGKJ1,IGKC,True,True,CQQYNHWPGTF,TGTCAGCAGTATAATCACTGGCCGGGGACGTTC,28051,2284
clonotype117,clonotype117_consensus_2,702,IGH,IGHV4-59,IGHD5-18,IGHJ4,IGHG2,True,True,CARGPNFPSYSPIDYW,TGTGCGAGAGGCCCTAATTTTCCCTCGTACAGCCCTATTGACTACTGG,2340,221
clonotype118,clonotype118_consensus_1,626,IGH,IGHV4-39,IGHD1-1,IGHJ6,IGHG2,True,True,CARRNAMDVW,TGTGCGAGACGGAACGCTATGGACGTCTGG,4958,500
clonotype118,clonotype118_consensus_2,563,IGK,IGKV3-15,None,IGKJ4,IGKC,True,True,CQHYNEWPLTF,TGTCAGCACTATAATGAGTGGCCGCTCACTTTC,19203,1599
clonotype119,clonotype119_consensus_1,689,IGH,IGHV3-23,IGHD2-21,IGHJ5,IGHG2,True,True,CAKDNRLHWFGPW,TGTGCGAAAGATAACAGATTGCACTGGTTCGGCCCCTGG,7060,646
clonotype119,clonotype119_consensus_2,719,IGK,IGKV3-15,None,IGKJ1,IGKC,True,True,CQQYNNWPLTF,TGTCAACAGTATAATAACTGGCCTCTGACGTTC,78307,5742
clonotype11,clonotype11_consensus_1,674,IGK,IGKV1-27,None,IGKJ1,IGKC,True,True,CQKYSNVPWTF,TGTCAAAAGTATTCCAATGTTCCCTGGACGTTC,45964,3924
clonotype11,clonotype11_consensus_2,699,IGH,IGHV3-49,IGHD3-3,IGHJ4,IGHA2,True,True,CTRDRRYDVWDGSERVDYW,TGCACTAGAGATCGGCGCTACGATGTTTGGGATGGTTCAGAAAGGGTTGACTACTGG,7500,693
clonotype120,clonotype120_consensus_1,557,IGK,IGKV1-5,None,IGKJ2,IGKC,True,True,CQQYHSYPYTF,TGCCAACAGTATCATTCTTATCCGTACACTTTT,225,19
clonotype121,clonotype121_consensus_1,666,IGK,IGKV3-15,None,IGKJ5,IGKC,True,True,CQQYNNWPITF,TGTCAGCAGTATAATAATTGGCCGATCACCTTC,2718,229
clonotype121,clonotype121_consensus_2,688,IGH,IGHV3-33,IGHD6-19,IGHJ5,IGHG2,True,True,CARDWGSSGWYNWFDPW,TGTGCGAGAGACTGGGGCAGCAGTGGCTGGTACAACTGGTTCGACCCCTGG,1103,109
clonotype122,clonotype122_consensus_1,657,IGH,IGHV6-1,IGHD6-13,IGHJ5,IGHG1,True,True,CARGIAPGLTW,TGTGCAAGAGGTATAGCACCAGGTCTTACCTGG,2210,202
clonotype122,clonotype122_consensus_2,667,IGK,IGKV3-20,None,IGKJ1,IGKC,True,True,CQQYDNSVWTF,TGTCAGCAGTATGATAACTCAGTGTGGACGTTC,22814,1839
clonotype123,clonotype123_consensus_1,692,IGH,IGHV3-7,IGHD3-9,IGHJ2,IGHG1,True,True,CARYYGRALDLW,TGTGCGAGATATTACGGGAGGGCCCTCGATCTCTGG,11506,1020
clonotype123,clonotype123_consensus_2,693,IGK,IGKV2-24,None,IGKJ3,IGKC,True,True,CMQGTQFPFTF,TGCATGCAAGGTACACAATTTCCATTCACTTTC,39750,3270
clonotype124,clonotype124_consensus_1,842,IGK,IGKV3-20,None,IGKJ2,IGKC,True,True,CQHYGSSPKTF,TGTCAGCACTATGGTAGCTCACCTAAGACTTTT,52272,3957
clonotype124,clonotype124_consensus_2,746,IGH,IGHV4-59,IGHD5-24,IGHJ4,IGHA2,True,True,CARGDGYNLYW,TGTGCGAGAGGAGATGGCTACAATTTATACTGG,11591,957
clonotype125,clonotype125_consensus_1,651,IGH,IGHV3-74,IGHD4-17,IGHJ5,IGHA2,True,True,CARTVEVTVPSAVDPW,TGTGCAAGGACAGTCGAGGTAACGGTGCCTAGTGCCGTTGACCCCTGG,3280,228
clonotype125,clonotype125_consensus_2,676,IGL,IGLV2-14,None,IGLJ1,IGLC1,True,True,CSSYTSYYTYVF,TGCAGCTCATATACAAGTTACTACACTTATGTCTTC,5342,439
clonotype126,clonotype126_consensus_1,489,IGH,IGHV5-51,IGHD5-24,IGHJ4,None,True,True,CARQDAYGLYYFDHW,TGTGCGAGACAAGATGCCTACGGCCTATATTACTTTGACCACTGG,152,14
clonotype127,clonotype127_consensus_1,567,IGK,IGKV4-1,None,IGKJ1,IGKC,True,True,CQQYLSPLRTF,TGTCAGCAATATCTTAGTCCTCTTCGCACATTC,241,20
clonotype128,clonotype128_consensus_1,592,IGK,IGKV3-11,None,IGKJ1,IGKC,True,True,CQQRSNWPPAWTF,TGTCAGCAGCGTAGCAACTGGCCTCCGGCGTGGACGTTC,352,30
clonotype129,clonotype129_consensus_1,661,IGH,IGHV3-33,IGHD3-16,IGHJ4,IGHA1,True,True,CARDPGGYPLAYFTYW,TGTGCGAGAGATCCGGGGGGTTATCCCCTGGCCTACTTTACCTACTGG,142,9
clonotype12,clonotype12_consensus_1,654,IGH,IGHV4-39,IGHD3-3,IGHJ5,IGHG2,True,True,CRRDLWSGFEDWLDPW,TGTAGGAGAGATCTTTGGAGTGGTTTTGAGGACTGGTTGGACCCCTGG,16830,1591
clonotype12,clonotype12_consensus_2,676,IGK,IGKV1-17,None,IGKJ1,IGKC,True,True,CLQHNGYPRTF,TGTCTACAACATAATGGTTACCCTCGGACGTTC,48866,4163
clonotype130,clonotype130_consensus_1,694,IGH,IGHV3-15,IGHD2-2,IGHJ3,IGHG1,True,True,CTTDRYCSGTTCPGAFDVW,TGTACCACAGATCGATATTGTAGCGGTACCACCTGCCCTGGTGCTTTTGATGTCTGG,84,6
clonotype131,clonotype131_consensus_1,666,IGK,IGKV3-15,None,IGKJ1,IGKC,True,True,CQHYNKWPPSGTF,TGTCAGCACTATAATAAGTGGCCTCCGTCGGGGACGTTC,2005,167
clonotype131,clonotype131_consensus_2,660,IGH,IGHV3-48,IGHD2-15,IGHJ4,IGHA2,True,True,CARERDASGPAFDYW,TGTGCGAGAGAAAGGGACGCTAGTGGTCCGGCTTTTGACTACTGG,1945,168
clonotype131,clonotype131_consensus_3,668,IGH,IGHV3-23,IGHD5-18,IGHJ4,IGHG3,True,True,CARWIVSFDYW,TGTGCGAGATGGATAGTTTCCTTTGACTACTGG,836,73
clonotype132,clonotype132_consensus_1,663,IGH,IGHV1-46,IGHD1-14,IGHJ4,IGHG2,True,True,CAREMHGPTSDFDNW,TGTGCGAGAGAGATGCATGGACCCACGTCGGACTTTGACAACTGG,3202,319
clonotype132,clonotype132_consensus_2,642,IGL,IGLV10-54,None,IGLJ3,IGLC2,True,True,CSTWDTGLSAWVF,TGCTCAACATGGGACACCGGACTCAGTGCTTGGGTGTTC,2376,266
clonotype133,clonotype133_consensus_1,563,IGK,IGKV3-11,None,IGKJ1,IGKC,True,True,CQQRTNWRWTF,TGTCAGCAGCGTACCAACTGGCGCTGGACGTTC,460,39
clonotype134,clonotype134_consensus_1,552,IGK,IGKV1-9,None,IGKJ1,IGKC,True,True,CQQLNSYQWTF,TGTCAACAGCTTAATAGTTACCAGTGGACGTTC,372,30
clonotype135,clonotype135_consensus_1,436,IGK,IGKV1-12,None,IGKJ5,None,True,True,CLHGEGYPLTF,TGTCTACATGGTGAGGGGTACCCTCTCACCTTC,243,22
clonotype136,clonotype136_consensus_1,456,IGK,IGKV3-20,None,IGKJ1,None,True,True,CQRYGDSWTF,TGTCAGCGGTATGGTGACTCCTGGACGTTC,202,19
clonotype137,clonotype137_consensus_1,567,IGK,IGKV2D-28,None,IGKJ1,IGKC,True,True,CMQALQSPRTF,TGCATGCAGGCTCTACAATCTCCTCGGACGTTC,261,23
clonotype138,clonotype138_consensus_1,695,IGH,IGHV3-33,IGHD2-15,IGHJ4,IGHG1,True,True,CARDDGYCSGGSCYSTLDHW,TGTGCGAGAGATGATGGATATTGTAGTGGTGGTAGCTGCTACTCGACTCTAGACCACTGG,83,9
clonotype138,clonotype138_consensus_2,553,IGK,IGKV1-12,None,IGKJ1,IGKC,True,True,CQQSSSFPWTF,TGTCAACAGTCTAGCAGTTTCCCGTGGACGTTC,664,56
clonotype139,clonotype139_consensus_1,553,IGK,IGKV1-17,None,IGKJ1,IGKC,True,True,CLHHNAFPWTF,TGTCTACACCATAATGCTTTCCCGTGGACTTTC,800,68
clonotype13,clonotype13_consensus_1,588,IGK,IGKV3-11,None,IGKJ4,IGKC,True,True,CQQRSNWPPLTF,TGTCAGCAGCGTAGCAACTGGCCTCCGCTCACTTTC,40132,3374
clonotype140,clonotype140_consensus_1,477,IGL,IGLV1-44,None,IGLJ1,IGLC1,True,True,CAVWEDSLKRYVF,TGTGCAGTGTGGGAAGACAGCCTGAAACGTTATGTCTTT,141,14
clonotype141,clonotype141_consensus_1,677,IGH,IGHV3-48,IGHD7-27,IGHJ4,IGHG2,True,True,CARDPETGDIDFW,TGTGCGAGAGATCCTGAGACTGGGGATATTGACTTCTGG,2246,243
clonotype141,clonotype141_consensus_2,745,IGL,IGLV1-44,None,IGLJ1,IGLC1,True,True,CAVWEDSRKRYVF,TGTGCAGTGTGGGAAGACAGCCGGAAACGTTATGTCTTT,7808,724
clonotype142,clonotype142_consensus_1,543,IGK,IGKV1-5,None,IGKJ4,IGKC,True,True,CQQYSSFSLTF,TGCCAACAATATAGTAGTTTTTCTCTCACTTTC,154,14
clonotype143,clonotype143_consensus_1,461,IGK,IGKV1-17,None,IGKJ1,IGKC,True,True,CLQHSSFWTF,TGTCTACAGCATAGTAGTTTCTGGACGTTC,89,7
clonotype143,clonotype143_consensus_2,678,IGH,IGHV3-15,IGHD5-18,IGHJ3,IGHG2,True,True,CTTEGNIYGYHALEMW,TGTACCACAGAAGGAAACATCTATGGCTATCATGCTTTAGAGATGTGG,681,50
clonotype143,clonotype143_consensus_3,640,IGL,IGLV2-11,None,IGLJ3,IGLC2,True,True,CSSYAGDRLVF,TGCAGCTCATATGCAGGCGACAGGTTAGTGTTC,1697,149
clonotype144,clonotype144_consensus_1,696,IGL,IGLV6-57,None,IGLJ3,IGLC2,True,True,CQSYDSSSRVF,TGTCAGTCTTATGATAGTAGCAGTCGGGTGTTC,13680,1197
clonotype144,clonotype144_consensus_2,844,IGH,IGHV3-33,IGHD2-2,IGHJ4,IGHA1,True,True,CARGGMVVPDHTSPMGGWDLDSW,TGTGCGAGAGGCGGGATGGTAGTGCCAGACCATACGTCTCCCATGGGGGGCTGGGACCTGGACTCCTGG,10532,743
clonotype145,clonotype145_consensus_1,644,IGL,IGLV7-46,None,IGLJ3,IGLC2,True,True,CNGDRVF,TGTAATGGTGATCGGGTGTTC,14757,1426
clonotype145,clonotype145_consensus_2,697,IGH,IGHV3-15,IGHD5-12,IGHJ4,IGHG2,True,True,CTVPLGNGYAGYYFNYW,TGTACCGTCCCCCTTGGGAATGGCTACGCTGGCTACTATTTTAACTACTGG,6353,703
clonotype146,clonotype146_consensus_1,555,IGK,IGKV3-11,None,IGKJ2,IGKC,True,True,CQQRRKSF,TGTCAGCAGCGTAGGAAGTCTTTT,4339,353
clonotype146,clonotype146_consensus_2,640,IGH,IGHV1-18,IGHD4-17,IGHJ4,IGHA1,True,True,CARDDNVPNYGDFNDYW,TGTGCGAGAGATGATAATGTTCCAAACTACGGTGACTTCAATGACTACTGG,679,61
clonotype147,clonotype147_consensus_1,651,IGL,IGLV1-44,None,IGLJ2,IGLC2,True,True,CAAWDDSLNGVVF,TGTGCAGCATGGGATGACAGCCTGAATGGTGTGGTATTC,317,26
clonotype148,clonotype148_consensus_1,580,IGK,IGKV6-21,None,IGKJ1,IGKC,True,True,CHQSSSLPWTF,TGTCATCAGAGTAGTAGTTTACCGTGGACGTTC,1148,97
clonotype148,clonotype148_consensus_2,688,IGH,IGHV3-43,IGHD3-3,IGHJ3,IGHG1,True,True,CVKDVGSGYPIDAFENW,TGTGTAAAAGATGTTGGGAGTGGTTATCCCATTGATGCTTTTGAAAATTGG,459,41
clonotype149,clonotype149_consensus_1,550,IGK,IGKV1-33,None,IGKJ5,IGKC,True,True,CQQYDNLLTF,TGTCAACAGTATGATAATCTCCTCACCTTC,400,35
clonotype14,clonotype14_consensus_1,712,IGH,IGHV3-33,IGHD3-16,IGHJ4,IGHA1,True,True,CARDPGGYPLAYFTYW,TGTGCGAGAGATCCGGGGGGTTATCCCCTGGCCTACTTTACCTACTGG,1719,128
clonotype14,clonotype14_consensus_2,583,IGK,IGKV3-20,None,IGKJ1,IGKC,True,True,CQQYDTPAPWTF,TGTCAGCAGTATGACACCCCAGCCCCCTGGACGTTC,3011,255
clonotype150,clonotype150_consensus_1,640,IGL,IGLV7-43,None,IGLJ3,IGLC3,True,True,CLLYYDAAWVF,TGCCTGCTCTACTATGATGCTGCTTGGGTCTTC,168,16
clonotype150,clonotype150_consensus_2,659,IGH,IGHV4-34,IGHD2-15,IGHJ1,IGHG1,True,True,CARGQPPSRYCSGHDCEYFHLW,TGTGCGAGAGGCCAGCCACCGAGTAGATATTGTAGTGGTCACGACTGCGAATACTTCCACCTCTGG,1158,111
clonotype151,clonotype151_consensus_1,680,IGL,IGLV10-54,None,IGLJ3,IGLC2,True,True,CSTWDTGLSAWVF,TGCTCAACATGGGACACCGGACTCAGTGCTTGGGTGTTC,1209,135
clonotype151,clonotype151_consensus_2,664,IGH,IGHV1-46,IGHD1-1,IGHJ4,IGHG2,True,True,CAREMHGPTSDFDHW,TGTGCGAGAGAGATGCATGGACCGACGTCGGACTTTGACCACTGG,7222,636
clonotype152,clonotype152_consensus_1,675,IGK,IGKV3-11,None,IGKJ2,IGKC,True,True,CQQRGNWPPWTF,TGTCAGCAGCGTGGCAACTGGCCTCCGTGGACTTTT,6706,538
clonotype152,clonotype152_consensus_2,560,IGH,IGHV3-48,IGHD2-15,IGHJ4,IGHM,True,True,CARDLGLSGVHW,TGTGCGAGAGATCTAGGTCTGAGTGGTGTCCACTGG,290,25
clonotype153,clonotype153_consensus_1,677,IGL,IGLV2-11,None,IGLJ3,IGLC2,True,True,CSYVGGPTPHWVF,TGCTCATATGTGGGCGGCCCCACCCCTCATTGGGTGTTC,44875,3888
clonotype153,clonotype153_consensus_2,706,IGH,IGHV4-59,IGHD3-10,IGHJ4,IGHG3,True,True,CARSRGLRYLYKPDFDSW,TGTGCGCGATCACGGGGTTTGAGATATCTCTATAAACCCGACTTTGACTCCTGG,7659,722
clonotype154,clonotype154_consensus_1,682,IGH,IGHV3-7,IGHD2-8,IGHJ5,IGHG2,True,True,CATASASW,TGTGCGACAGCGTCGGCGTCCTGG,12119,1057
clonotype154,clonotype154_consensus_2,769,IGK,IGKV2D-28,None,IGKJ1,IGKC,True,True,CTQTLQAWTF,TGCACGCAGACTCTGCAAGCCTGGACGTTC,70018,5369
clonotype155,clonotype155_consensus_1,644,IGH,IGHV5-51,IGHD2-2,IGHJ5,IGHA1,True,True,CARLFCSKTSCYGDSW,TGTGCGAGACTTTTTTGTTCAAAAACCAGTTGTTATGGCGACTCCTGG,2605,222
clonotype155,clonotype155_consensus_2,470,IGL,IGLV2-14,None,IGLJ3,IGLC2,True,True,CSSFPSSSTPWLF,TGCAGCTCATTTCCAAGCAGCAGCACTCCCTGGCTGTTC,419,42
clonotype156,clonotype156_consensus_1,690,IGH,IGHV3-15,IGHD5-18,IGHJ3,IGHG2,True,True,CTTEGNIYGYHALEMW,TGTACCACAGAAGGAAACATCTATGGCTATCATGCTTTAGAGATGTGG,822,66
clonotype156,clonotype156_consensus_2,639,IGL,IGLV2-11,None,IGLJ3,IGLC2,True,True,CSSYAGDRLVF,TGCAGCTCATATGCAGGCGACAGGTTAGTGTTC,2147,189
clonotype157,clonotype157_consensus_1,553,IGK,IGKV1-27,None,IGKJ1,IGKC,True,True,CQKYYSVPWTF,TGTCAAAAGTATTACAGTGTCCCGTGGACGTTC,715,61
clonotype157,clonotype157_consensus_2,668,IGH,IGHV3-49,IGHD3-16,IGHJ4,IGHA2,True,True,CTADLGRYTTRELGGW,TGTACTGCAGATCTGGGAAGATATACCACCCGCGAGCTGGGGGGTTGG,719,57
clonotype158,clonotype158_consensus_1,516,IGK,IGKV3-20,None,IGKJ4,IGKC,True,True,CQQYNSSF,TGTCAACAGTATAATAGTTCTTTC,207,18
clonotype159,clonotype159_consensus_1,569,IGK,IGKV3-15,None,IGKJ4,IGKC,True,True,CQQYENWPPLTF,TGTCAGCAGTATGAAAACTGGCCTCCGCTCACTTTC,401,33
clonotype15,clonotype15_consensus_1,639,IGK,IGKV1-5,None,IGKJ5,IGKC,True,True,CQQFNSDLGITF,TGCCAACAGTTTAATAGTGATTTGGGGATCACCTTC,6255,544
clonotype160,clonotype160_consensus_1,556,IGK,IGKV3-15,None,IGKJ4,IGKC,True,True,CQQYNNWPPLTF,TGTCAGCAGTATAATAACTGGCCTCCCCTCACTTTC,170,15
clonotype161,clonotype161_consensus_1,651,IGH,IGHV3-74,IGHD6-19,IGHJ6,IGHG2,True,True,CVRDGWSDW,TGTGTAAGAGATGGTTGGTCAGACTGG,1557,133
clonotype162,clonotype162_consensus_1,561,IGK,IGKV1D-16,None,IGKJ1,IGKC,True,True,CQQYNSYPRTF,TGCCAACAGTATAATAGTTACCCTCGGACGTTC,103,9
clonotype163,clonotype163_consensus_1,529,IGH,IGHV2-5,IGHD6-13,IGHJ4,IGHM,True,True,CAHGFGYSSSWSYW,TGTGCACACGGTTTCGGTTATAGCAGCAGCTGGTCCTACTGG,1184,111
clonotype163,clonotype163_consensus_2,659,IGL,IGLV1-40,None,IGLJ3,IGLC3,True,True,CQSYDDSLSGWVF,TGCCAGTCCTATGACGACAGCCTGAGTGGTTGGGTGTTC,1006,104
clonotype164,clonotype164_consensus_1,581,IGK,IGKV3-20,None,IGKJ4,IGKC,True,True,CQHYGGSPPLAF,TGTCAGCACTATGGTGGCTCACCTCCGCTCGCTTTC,178,16
clonotype165,clonotype165_consensus_1,656,IGH,IGHV3-7,IGHD6-13,IGHJ4,IGHA2,True,True,CVRGPHRAGPGAGW,TGTGTGCGAGGGCCCCATAGAGCAGGACCTGGTGCGGGCTGG,630,53
clonotype165,clonotype165_consensus_2,583,IGK,IGKV2-30,None,IGKJ1,IGKC,True,True,CMQATHWPWTF,TGCATGCAAGCTACACACTGGCCGTGGACGTTC,406,33
clonotype166,clonotype166_consensus_1,569,IGK,IGKV3-20,None,IGKJ4,IGKC,True,True,CHQYGRSPLAF,TGTCACCAGTATGGGAGGTCACCGCTCGCTTTC,16549,1350
clonotype167,clonotype167_consensus_1,563,IGK,IGKV3-20,None,IGKJ1,IGKC,True,True,CQQYGSSVTF,TGTCAGCAGTATGGTAGCTCAGTGACGTTC,431,36
clonotype168,clonotype168_consensus_1,500,IGH,IGHV5-51,IGHD2-2,IGHJ5,IGHA1,True,True,CARLFCSKTSCYGDSW,TGTGCGAGACTTTTTTGTTCAAAAACCAGTTGTTATGGCGACTCCTGG,427,38
clonotype169,clonotype169_consensus_1,556,IGK,IGKV3-15,None,IGKJ1,IGKC,True,True,CLQYNNWPPWTF,TGTCTGCAATATAATAATTGGCCTCCTTGGACTTTC,238,21
clonotype16,clonotype16_consensus_1,717,IGH,IGHV6-1,IGHD1OR15-1A,IGHJ2,IGHG2,True,True,CARRGDHNTYYDVW,TGTGCAAGGCGAGGGGACCATAACACCTACTACGATGTCTGG,51412,4257
clonotype16,clonotype16_consensus_2,692,IGK,IGKV2D-28,None,IGKJ2,IGKC,True,True,CMQGLQTPYTF,TGCATGCAAGGTCTACAAACCCCCTACACTTTT,116826,9478
clonotype170,clonotype170_consensus_1,494,IGH,IGHV4-39,IGHD1-26,IGHJ4,IGHA1,True,True,CARDVRGSSPRLDYW,TGTGCGAGAGATGTTCGTGGGAGCTCCCCCCGCCTTGACTACTGG,391,33
clonotype171,clonotype171_consensus_1,651,IGK,IGKV1-12,None,IGKJ3,IGKC,True,True,CQQANSFPLTF,TGTCAACAGGCTAACAGTTTCCCACTCACTTTC,51547,3928
clonotype171,clonotype171_consensus_2,578,IGH,IGHV3-23,IGHD3OR15-3A,IGHJ4,IGHM,True,True,CAKSVKIGLGWGQFDSW,TGTGCGAAAAGTGTAAAAATTGGGCTGGGGTGGGGTCAGTTTGACTCCTGG,4510,445
clonotype172,clonotype172_consensus_1,692,IGK,IGKV4-1,None,IGKJ1,IGKC,True,True,CHQYYITPWTF,TGTCATCAATATTATATTACTCCTTGGACGTTC,17692,1468
clonotype172,clonotype172_consensus_2,691,IGH,IGHV5-51,IGHD1-26,IGHJ5,IGHG2,True,True,CARRGGSSGENWFDPW,TGTGCGAGACGAGGTGGGAGCAGTGGGGAGAACTGGTTCGACCCCTGG,4206,375
clonotype173,clonotype173_consensus_1,477,IGK,IGKV1-12,None,IGKJ4,IGKC,True,True,CQQAYSFPLTF,TGTCAACAGGCTTACAGTTTCCCGCTCACTTTC,137,12
clonotype174,clonotype174_consensus_1,554,IGK,IGKV1D-39,None,IGKJ4,IGKC,True,True,CQQSYNTPLTF,TGTCAACAGAGTTACAATACCCCTCTCACTTTC,1680,143
clonotype174,clonotype174_consensus_2,673,IGH,IGHV1-46,IGHD6-19,IGHJ5,IGHG1,True,True,CARAVVPSDSSDGWFDPW,TGTGCGAGAGCCGTCGTCCCATCTGATAGCAGTGACGGGTGGTTCGACCCCTGG,659,60
clonotype175,clonotype175_consensus_1,553,IGK,IGKV1-33,None,IGKJ2,IGKC,True,True,CQQSANFPYTF,TGTCAACAGTCTGCTAATTTCCCGTACACTTTT,273,23
clonotype176,clonotype176_consensus_1,577,IGK,IGKV4-1,None,IGKJ5,IGKC,True,True,CQQYYSTPTF,TGTCAGCAATATTATAGTACTCCCACCTTC,3148,268
clonotype176,clonotype176_consensus_2,616,IGH,IGHV2-5,IGHD3-9,IGHJ3,IGHA1,True,True,CARRRFIKGRPDTFDFW,TGTGCACGCAGACGCTTTATAAAGGGGAGACCGGATACTTTCGATTTCTGG,606,52
clonotype177,clonotype177_consensus_1,656,IGK,IGKV1D-39,None,IGKJ2,IGKC,True,True,CQQSSSMLYTF,TGTCAACAGAGTTCCAGTATGCTGTACACTTTT,816,66
clonotype178,clonotype178_consensus_1,569,IGK,IGKV3-20,None,IGKJ1,IGKC,True,True,CQQYGSSPPWTF,TGTCAACAGTATGGTAGCTCACCGCCGTGGACGTTC,325,27
clonotype179,clonotype179_consensus_1,669,IGK,IGKV2-30,None,IGKJ1,IGKC,True,True,CMQATHWPWTF,TGCATGCAAGCTACACACTGGCCGTGGACGTTC,199,17
clonotype17,clonotype17_consensus_1,723,IGH,IGHV3-33,IGHD4-23,IGHJ4,IGHG2,True,True,CASDPPTAGDYGGGSDLDYW,TGTGCGAGTGATCCCCCTACTGCGGGAGACTACGGTGGCGGAAGCGATTTAGACTACTGG,13337,1258
clonotype17,clonotype17_consensus_2,750,IGK,IGKV1-12,None,IGKJ5,IGKC,True,True,CLHGEGYPLTF,TGTCTACATGGTGAGGGGTACCCTCTCACCTTC,100843,8400
clonotype180,clonotype180_consensus_1,696,IGH,IGHV3-21,IGHD5-18,IGHJ5,IGHA2,True,True,CARGDTWIQPWLPPNWFDPW,TGTGCGAGAGGGGACACGTGGATACAGCCATGGTTACCGCCAAACTGGTTCGACCCCTGG,5628,460
clonotype180,clonotype180_consensus_2,640,IGK,IGKV1D-39,None,IGKJ2,IGKC,True,True,CQQSSSIPPTF,TGTCAACAGAGTTCCAGTATTCCCCCTACTTTT,9992,858
clonotype181,clonotype181_consensus_1,567,IGK,IGKV1D-39,None,IGKJ3,IGKC,True,True,CQQNYRRPLTF,TGTCAACAGAATTACAGAAGGCCCCTCACTTTC,961,86
clonotype182,clonotype182_consensus_1,555,IGK,IGKV3D-20,None,IGKJ1,IGKC,True,True,CQQFGNSPRTF,TGTCAGCAGTTTGGTAACTCACCTAGGACGTTC,265,22
clonotype183,clonotype183_consensus_1,566,IGK,IGKV3-11,None,IGKJ3,IGKC,True,True,CQQRSNWPPGVF,TGTCAGCAGCGTAGCAACTGGCCTCCGGGGGTTTTC,426,35
clonotype183,clonotype183_consensus_2,578,IGH,IGHV3-33,IGHD3-3,IGHJ2,IGHM,True,True,CARDSLYDFWSEAPTFWYFDLW,TGTGCGAGAGATTCCCTTTACGATTTTTGGAGTGAGGCACCCACTTTCTGGTACTTCGATCTCTGG,20,2
clonotype184,clonotype184_consensus_1,555,IGK,IGKV1D-39,None,IGKJ1,IGKC,True,True,CQQSFNTLSWTF,TGTCAACAGAGCTTCAATACCCTCTCGTGGACGTTC,267,24
clonotype185,clonotype185_consensus_1,777,IGH,IGHV3-33,IGHD3-22,IGHJ4,IGHG1,True,True,CARQDYFDINGHYLSFDYW,TGTGCGAGGCAAGATTACTTTGACATCAATGGTCATTACCTAAGCTTTGACTACTGG,504,54
clonotype185,clonotype185_consensus_2,740,IGL,IGLV1-40,None,IGLJ3,IGLC3,True,True,CQSYDSSLSADWVF,TGCCAGTCCTATGACAGCAGTCTGAGTGCCGATTGGGTGTTC,6006,568
clonotype186,clonotype186_consensus_1,554,IGK,IGKV1-12,None,IGKJ4,IGKC,True,True,CQQGNVFPLTF,TGTCAACAGGGTAACGTTTTCCCCCTCACTTTC,198,17
clonotype187,clonotype187_consensus_1,551,IGK,IGKV1-8,None,IGKJ2,IGKC,True,True,CLQSYTYPYTF,TGTCTACAGTCTTATACTTATCCGTACACTTTT,132,11
clonotype187,clonotype187_consensus_2,504,IGH,IGHV4-39,IGHD3-22,IGHJ3,IGHM,True,True,CARLGSTYYNNAFDIW,TGTGCGAGACTAGGTAGTACTTATTACAACAATGCTTTTGATATCTGG,51,5
clonotype188,clonotype188_consensus_1,642,IGH,IGHV2-5,IGHD3-3,IGHJ4,IGHG2,True,True,CAHIQFLEWSSRQYPDHFDYW,TGTGCACACATACAATTTTTGGAGTGGTCATCACGACAATATCCTGACCACTTTGACTACTGG,334,29
clonotype188,clonotype188_consensus_2,639,IGL,IGLV2-23,None,IGLJ3,IGLC2,True,True,CSYAGTRTFVF,TGCTCATATGCAGGTACTAGAACTTTCGTGTTC,112,11
clonotype189,clonotype189_consensus_1,473,IGL,IGLV2-14,None,IGLJ2,IGLC2,True,True,CSSYTISSTVIF,TGCAGTTCATATACAATCAGCAGCACTGTGATATTC,59,6
clonotype18,clonotype18_consensus_1,645,IGL,IGLV10-54,None,IGLJ3,IGLC2,True,True,CSAWDTSLSAWVF,TGCTCAGCATGGGACACCAGCCTCAGTGCTTGGGTGTTC,7440,717
clonotype18,clonotype18_consensus_2,665,IGH,IGHV1-3,IGHD5-12,IGHJ4,IGHG2,True,True,CARADIGDHW,TGTGCGAGAGCCGATATAGGGGACCACTGG,11072,966
clonotype190,clonotype190_consensus_1,649,IGH,IGHV1-69-2,IGHD6-13,IGHJ5,IGHA1,True,True,CARPTSITEAGANWFDPW,TGTGCGAGACCCACCTCAATAACAGAAGCTGGTGCGAACTGGTTCGACCCCTGG,494,43
clonotype190,clonotype190_consensus_2,563,IGK,IGKV3-15,None,IGKJ3,IGKC,True,True,CQQYNSWPETF,TGTCAGCAGTATAATTCCTGGCCGGAAACTTTC,1137,100
clonotype191,clonotype191_consensus_1,700,IGH,IGHV3-7,IGHD2-2,IGHJ4,IGHG2,True,True,CVRGPHRVGPGAGW,TGTGTGCGAGGGCCCCATAGAGTAGGACCTGGTGCGGGCTGG,4439,403
clonotype191,clonotype191_consensus_2,794,IGK,IGKV2-30,None,IGKJ1,IGKC,True,True,CMQATHWPWTF,TGCATGCAAGCTACACACTGGCCGTGGACGTTC,30371,2488
clonotype192,clonotype192_consensus_1,549,IGK,IGKV1-5,None,IGKJ1,IGKC,True,True,CQQYNRYWTF,TGCCAACAGTATAATCGTTATTGGACGTTC,430,38
clonotype193,clonotype193_consensus_1,566,IGK,IGKV3-20,None,IGKJ1,IGKC,True,True,CQQYGSSPPTF,TGTCAGCAGTATGGTAGCTCACCTCCGACGTTC,344,30
clonotype194,clonotype194_consensus_1,582,IGK,IGKV4-1,None,IGKJ2,IGKC,True,True,CQQYYTTPYTF,TGTCAGCAATATTATACTACTCCTTACACTTTT,276,24
clonotype195,clonotype195_consensus_1,566,IGK,IGKV3-11,None,IGKJ2,IGKC,True,True,CQQRSDWPMYTF,TGTCAGCAGCGTAGCGACTGGCCTATGTACACTTTT,266,23
clonotype196,clonotype196_consensus_1,645,IGH,IGHV1-46,IGHD1-1,IGHJ4,IGHA2,True,True,CAREMHGPTSDFDNW,TGTGCGAGAGAGATGCATGGACCGACGTCGGACTTTGACAACTGG,8808,773
clonotype196,clonotype196_consensus_2,641,IGL,IGLV10-54,None,IGLJ3,IGLC2,True,True,CSTWDPGLSAWVF,TGCTCAACATGGGACCCCGGACTCAGTGCTTGGGTTTTC,1387,161
clonotype197,clonotype197_consensus_1,552,IGK,IGKV1D-39,None,IGKJ4,IGKC,True,True,CQQSYSTPRTF,TGTCAACAGAGTTACAGTACCCCTCGAACTTTC,373,32
clonotype198,clonotype198_consensus_1,552,IGK,IGKV1-17,None,IGKJ1,IGKC,True,True,CLQHSSFWTF,TGTCTACAGCATAGTAGTTTCTGGACGTTC,969,83
clonotype198,clonotype198_consensus_2,670,IGH,IGHV3-74,IGHD3-9,IGHJ3,IGHG1,True,True,CARDGLPWDDSFDLW,TGTGCAAGAGATGGGTTGCCGTGGGACGATAGTTTTGATCTTTGG,1022,94
clonotype198,clonotype198_consensus_3,558,IGK,IGKV1-5,None,IGKJ5,IGKC,True,True,CQQFNSNLGITF,TGCCAGCAGTTTAATAGTAATTTAGGGATCACCTTC,698,62
clonotype199,clonotype199_consensus_1,549,IGH,IGHV4-59,IGHD4-17,IGHJ5,IGHM,True,True,CARGQRDYDGWFDPW,TGTGCGAGAGGGCAGCGCGACTACGACGGTTGGTTCGACCCCTGG,106,10
clonotype199,clonotype199_consensus_2,570,IGK,IGKV4-1,None,IGKJ3,IGKC,True,True,CQQYYTPPFTF,TGTCAGCAATATTATACTCCTCCATTCACTTTC,277,25
clonotype19,clonotype19_consensus_1,504,IGL,IGLV2-11,None,IGLJ3,IGLC3,True,True,CYSHINKVF,TGCTACTCACATATAAATAAGGTGTTC,2001,198
clonotype1,clonotype1_consensus_1,576,IGK,IGKV1-5,None,IGKJ5,IGKC,True,True,CQQYNSDLGVTF,TGCCAACAGTATAATAGTGATTTAGGGGTCACGTTC,36606,3193
clonotype200,clonotype200_consensus_1,429,IGK,IGKV3-11,None,IGKJ4,None,True,True,CQQRRNWPPLTF,TGTCAACAGCGTAGGAACTGGCCTCCGCTCACTTTC,244,23
clonotype201,clonotype201_consensus_1,445,IGK,IGKV1-16,None,IGKJ1,None,True,True,CQQYHIYPRTF,TGCCAACAATATCATATTTACCCTCGAACATTC,267,25
clonotype202,clonotype202_consensus_1,567,IGK,IGKV2D-28,None,IGKJ5,IGKC,True,True,CMQPLQTPLTF,TGCATGCAACCTCTACAAACTCCTCTCACCTTC,289,26
clonotype203,clonotype203_consensus_1,670,IGH,IGHV3-23,IGHD5-18,IGHJ4,IGHA1,True,True,CAKDDDGGGYTFGPFNYW,TGTGCGAAAGATGACGATGGAGGTGGATACACCTTTGGTCCCTTTAACTACTGG,306,28
clonotype203,clonotype203_consensus_2,597,IGL,IGLV3-21,None,IGLJ2,IGLC2,True,True,CQVWDSNGDYVVF,TGTCAGGTGTGGGATAGTAATGGTGACTATGTGGTATTC,336,35
clonotype204,clonotype204_consensus_1,562,IGK,IGKV3-11,None,IGKJ4,IGKC,True,True,CQQRSNWPTF,TGTCAGCAGCGTAGCAACTGGCCCACTTTC,370,30
clonotype205,clonotype205_consensus_1,553,IGK,IGKV3-20,None,IGKJ3,IGKC,True,True,CQQYDTSFTF,TGTCAGCAGTATGATACGTCGTTCACTTTC,311,24
clonotype206,clonotype206_consensus_1,613,IGK,IGKV3-15,None,IGKJ4,IGKC,True,True,CQQYNNWPPLTF,TGTCAGCAGTATAATAACTGGCCTCCGCTCACTTTC,305,26
clonotype206,clonotype206_consensus_2,552,IGK,IGKV1-5,None,IGKJ1,IGKC,True,True,CQQYNSYSWTF,TGCCAACAGTATAATAGTTATTCCTGGACGTTC,171,15
clonotype207,clonotype207_consensus_1,660,IGL,IGLV7-46,None,IGLJ3,IGLC2,True,True,CNGDRVF,TGTAATGGTGATCGGGTGTTC,3746,336
clonotype207,clonotype207_consensus_2,695,IGH,IGHV3-15,IGHD4-23,IGHJ4,IGHG2,True,True,CTVPLGNDYAGYYFNYW,TGTACCGTCCCCCTTGGGAATGACTACGCTGGCTACTATTTTAACTACTGG,1691,148
clonotype208,clonotype208_consensus_1,547,IGH,IGHV3-43,IGHD5-12,IGHJ2,IGHG1,True,True,CAKGKGTHLATIDSLTLGYFDLW,TGTGCAAAAGGAAAGGGGACCCATTTGGCTACGATCGATTCCCTGACTCTGGGGTACTTCGATCTCTGG,154,15
clonotype209,clonotype209_consensus_1,571,IGK,IGKV1D-39,None,IGKJ4,IGKC,True,True,CQQSYTTPLTF,TGTCAACAGAGTTACACTACCCCTCTCACTTTC,1002,88
clonotype20,clonotype20_consensus_1,678,IGH,IGHV3-33,IGHD4-23,IGHJ4,IGHA2,True,True,CASDPPTAGDYGGGADFDYW,TGTGCGAGTGATCCCCCTACTGCGGGCGACTACGGTGGCGGAGCCGATTTTGACTACTGG,3916,364
clonotype20,clonotype20_consensus_2,678,IGK,IGKV1-12,None,IGKJ5,IGKC,True,True,CLQGESYPLTF,TGTCTACAGGGTGAGAGTTACCCTCTCACCTTC,39239,3299
clonotype210,clonotype210_consensus_1,666,IGH,IGHV3-74,IGHD4-4,IGHJ4,IGHG2,True,True,CTSLTTRGDFLDCW,TGTACATCTTTAACTACTCGGGGGGACTTTCTTGACTGCTGG,714,64
clonotype210,clonotype210_consensus_2,553,IGK,IGKV1-17,None,IGKJ1,IGKC,True,True,CLQYDRFPWTF,TGTCTACAATATGATAGATTCCCTTGGACGTTC,785,69
clonotype211,clonotype211_consensus_1,554,IGK,IGKV3-15,None,IGKJ3,IGKC,True,True,CQQYNYWPPFF,TGTCAGCAGTATAATTACTGGCCTCCCTTTTTC,766,61
clonotype212,clonotype212_consensus_1,552,IGK,IGKV3-15,None,IGKJ3,IGKC,True,True,CQQYNSWPETF,TGTCAGCAGTATAATTCCTGGCCGGAAACTTTC,168,16
clonotype213,clonotype213_consensus_1,566,IGK,IGKV3-20,None,IGKJ1,IGKC,True,True,CQQYGSSLWTF,TGTCAGCAGTATGGTAGCTCACTTTGGACGTTC,506,44
clonotype214,clonotype214_consensus_1,738,IGH,IGHV3-21,IGHD4-17,IGHJ5,IGHG1,True,True,CVRGGGPSDYGDYEDWFDPW,TGTGTCAGGGGCGGGGGGCCATCTGACTACGGCGACTACGAAGACTGGTTCGACCCCTGG,5001,458
clonotype214,clonotype214_consensus_2,634,IGK,IGKV3-11,None,IGKJ4,IGKC,True,True,CQQRNNWFTF,TGTCAGCAGCGTAATAACTGGTTCACTTTC,21960,1809
clonotype215,clonotype215_consensus_1,578,IGK,IGKV6-21,None,IGKJ2,IGKC,True,True,CHQSSTLAGTF,TGTCATCAGAGTAGCACTTTAGCAGGCACTTTT,984,80
clonotype216,clonotype216_consensus_1,584,IGK,IGKV2D-30,None,IGKJ1,IGKC,True,True,CMQGSQWPWTF,TGCATGCAAGGTTCACAGTGGCCGTGGACGTTC,148,14
clonotype217,clonotype217_consensus_1,555,IGK,IGKV1-33,None,IGKJ2,IGKC,True,True,CQQYDNLPLYTF,TGTCAACAGTATGATAATCTCCCCTTGTACACTTTT,382,30
clonotype218,clonotype218_consensus_1,690,IGK,IGKV2D-28,None,IGKJ3,IGKC,True,True,CMQGRQIPNTF,TGCATGCAAGGTCGACAAATCCCAAACACTTTC,39320,3126
clonotype219,clonotype219_consensus_1,526,IGH,IGHV3-7,IGHD6-13,IGHJ4,IGHA1,True,True,CVRGPHRAGPGAGW,TGTGTGCGAGGGCCCCATAGAGCAGGACCTGGTGCGGGCTGG,77,7
clonotype21,clonotype21_consensus_1,573,IGK,IGKV3D-20,None,IGKJ5,IGKC,True,True,CQQYGSSPVTF,TGTCAGCAGTATGGTAGCTCACCTGTCACCTTC,3212,279
clonotype220,clonotype220_consensus_1,560,IGK,IGKV3-20,None,IGKJ2,IGKC,True,True,CQQYGSSPPYTF,TGTCAGCAGTATGGTAGCTCACCTCCGTACACTTTT,742,63
clonotype220,clonotype220_consensus_2,497,IGH,IGHV1-69-2,IGHD2-15,IGHJ4,None,True,True,CARVTALGYCSGDSCPFDYW,TGTGCGAGAGTTACCGCTCTGGGATATTGTAGTGGTGACAGCTGTCCCTTTGACTACTGG,214,21
clonotype221,clonotype221_consensus_1,695,IGH,IGHV3-48,IGHD3-3,IGHJ3,IGHG2,True,True,CARDVFGEVRAFDIW,TGTGCGAGAGACGTTTTTGGAGAGGTTCGTGCTTTTGATATCTGG,14274,1690
clonotype221,clonotype221_consensus_2,717,IGK,IGKV3-11,None,IGKJ4,IGKC,True,True,CQQRSDWPLTF,TGTCAGCAGCGTAGCGACTGGCCGCTCACTTTC,106486,7975
clonotype222,clonotype222_consensus_1,767,IGH,IGHV5-51,IGHD6-19,IGHJ4,IGHG1,True,True,CARTTVTGMSDFDYW,TGTGCGAGAACAACAGTGACTGGCATGTCTGACTTTGACTACTGG,4757,447
clonotype222,clonotype222_consensus_2,666,IGK,IGKV3-20,None,IGKJ5,IGKC,True,True,CQQYGFSPITF,TGTCAGCAGTATGGTTTCTCACCGATCACCTTC,27363,2175
clonotype223,clonotype223_consensus_1,709,IGH,IGHV4-39,IGHD6-19,IGHJ2,IGHG1,True,True,CVTPGVAVAGPNYWNFGLW,TGTGTGACCCCGGGTGTGGCAGTGGCTGGTCCAAACTACTGGAACTTCGGTCTCTGG,15981,1780
clonotype223,clonotype223_consensus_2,677,IGL,IGLV3-1,None,IGLJ1,IGLC2,True,True,CQAWDGSTLAF,TGTCAGGCGTGGGACGGCAGCACTCTTGCCTTC,34669,3898
clonotype223,clonotype223_consensus_3,716,IGL,IGLV3-10,None,IGLJ3,IGLC2,True,True,CYSTDISGNYGVF,TGTTACTCAACAGACATCAGTGGTAATTATGGCGTGTTC,18694,2174
clonotype224,clonotype224_consensus_1,552,IGK,IGKV1-8,None,IGKJ1,IGKC,True,True,CQQYYSYPRTF,TGTCAACAGTATTATAGTTACCCTCGGACGTTC,171,14
clonotype225,clonotype225_consensus_1,644,IGL,IGLV2-14,None,IGLJ3,IGLC3,True,True,CSSKRSTTTLKVF,TGCAGCTCAAAAAGAAGCACCACCACTCTCAAGGTGTTC,782,75
clonotype226,clonotype226_consensus_1,553,IGK,IGKV1-5,None,IGKJ1,IGKC,True,True,CQQYDSYSRTF,TGCCAACAGTATGATAGTTATTCTCGAACGTTC,316,26
clonotype227,clonotype227_consensus_1,553,IGK,IGKV3-20,None,IGKJ1,IGKC,True,True,CQQYGSPWTF,TGTCAGCAGTATGGTAGCCCGTGGACGTTC,160,14
clonotype228,clonotype228_consensus_1,641,IGL,IGLV2-23,None,IGLJ2,IGLC2,True,True,CSYAGSSTLVF,TGCTCATATGCAGGCAGTAGCACTTTGGTATTC,619,69
clonotype228,clonotype228_consensus_2,553,IGH,IGHV4-39,IGHD3-22,IGHJ3,IGHM,True,True,CARLGSTYYNNAFDIW,TGTGCGAGACTAGGTAGTACTTATTACAACAATGCTTTTGATATCTGG,11826,951
clonotype229,clonotype229_consensus_1,438,IGK,IGKV2D-28,None,IGKJ2,None,True,True,CMQALQTPYTF,TGCATGCAAGCTCTACAAACTCCGTACACTTTT,202,17
clonotype22,clonotype22_consensus_1,677,IGK,IGKV1-17,None,IGKJ1,IGKC,True,True,CLQHSSFWTF,TGTCTACAGCATAGTAGTTTCTGGACGTTC,127415,10394
clonotype22,clonotype22_consensus_2,687,IGH,IGHV3-74,IGHD3-9,IGHJ3,IGHG1,True,True,CARDGLPWDDSFDLW,TGTGCAAGAGATGGGTTGCCGTGGGACGATAGTTTTGATCTTTGG,16679,1580
clonotype230,clonotype230_consensus_1,774,IGK,IGKV3-20,None,IGKJ4,IGKC,True,True,CQQYGRVPLTF,TGTCAGCAGTATGGTAGGGTACCTCTCACTTTC,42509,3400
clonotype231,clonotype231_consensus_1,564,IGK,IGKV3-20,None,IGKJ2,IGKC,True,True,CQQYGSSPAF,TGTCAGCAGTATGGTAGCTCACCTGCTTTT,349,29
clonotype232,clonotype232_consensus_1,535,IGK,IGKV3-20,None,IGKJ5,IGKC,True,True,CQQYGSSPITF,TGTCAGCAGTATGGTAGTTCACCCATCACCTTC,184,17
clonotype233,clonotype233_consensus_1,508,IGK,IGKV3-11,None,IGKJ4,IGKC,True,True,CQQRADWPLTF,TGTCAGCAACGTGCCGACTGGCCTCTCACTTTC,120,11
clonotype234,clonotype234_consensus_1,665,IGH,IGHV1-3,IGHD1OR15-1A,IGHJ5,IGHG1,True,True,CARELRMKLDPDTGGFDPW,TGTGCGAGAGAGCTTCGTATGAAACTGGACCCTGACACCGGCGGGTTCGACCCCTGG,1347,132
clonotype234,clonotype234_consensus_2,644,IGL,IGLV2-11,None,IGLJ1,IGLC1,True,True,CSSYAGSYGYVF,TGCAGCTCATATGCAGGCAGCTACGGTTATGTCTTC,3545,339
clonotype235,clonotype235_consensus_1,678,IGL,IGLV2-23,None,IGLJ2,IGLC2,True,True,CSSNAPIDTLLF,TGCTCCTCAAATGCACCCATTGACACTTTGCTTTTC,6838,634
clonotype235,clonotype235_consensus_2,644,IGH,IGHV4-39,IGHD1-26,IGHJ4,IGHG2,True,True,CARQRGRGSWSLDYW,TGTGCGAGACAGAGAGGCCGTGGGAGCTGGTCTCTTGACTACTGG,6801,621
clonotype236,clonotype236_consensus_1,639,IGL,IGLV2-23,None,IGLJ2,IGLC2,True,True,CSYAGYSILVF,TGCTCATATGCAGGTTATAGCATTTTGGTATTC,73,7
clonotype237,clonotype237_consensus_1,566,IGK,IGKV3-11,None,IGKJ4,IGKC,True,True,CQQRSNWPLLTF,TGTCAGCAGCGTAGCAACTGGCCTCTGCTCACTTTC,363,30
clonotype238,clonotype238_consensus_1,505,IGK,IGKV1-5,None,IGKJ1,IGKC,True,True,CQQYNSYPWTF,TGCCAACAGTATAATAGTTATCCTTGGACGTTC,144,13
clonotype239,clonotype239_consensus_1,587,IGK,IGKV2D-28,None,IGKJ1,IGKC,True,True,CMQALQSPPTF,TGCATGCAAGCTCTACAAAGTCCTCCGACGTTC,287,25
clonotype23,clonotype23_consensus_1,555,IGK,IGKV1D-39,None,IGKJ3,IGKC,True,True,CQQNYRRPLTF,TGTCAACAGAATTACAGAAGGCCCCTCACTTTC,9459,819
clonotype23,clonotype23_consensus_2,663,IGH,IGHV3-13,IGHD2-2,IGHJ6,IGHA1,True,True,CVRSPPAFSYYGLDVW,TGTGTAAGATCACCACCTGCTTTCTCCTATTACGGTTTGGACGTCTGG,2651,248
clonotype240,clonotype240_consensus_1,539,IGH,IGHV3-33,IGHD4-23,IGHJ4,IGHG1,True,True,CASDPPTAGDYGGGADFDYW,TGTGCGAGTGATCCCCCTACTGCGGGAGACTACGGTGGCGGAGCCGATTTTGACTACTGG,53,6
clonotype241,clonotype241_consensus_1,581,IGH,IGHV3-74,IGHD2-8,IGHJ4,IGHM,True,True,CVRGIGQHSGICSYW,TGTGTAAGAGGAATCGGGCAACACAGTGGTATATGCTCATACTGG,3989,337
clonotype241,clonotype241_consensus_2,691,IGK,IGKV4-1,None,IGKJ4,IGKC,True,True,CQQYYSTPLTF,TGTCAGCAATATTATAGTACTCCCCTCACTTTC,15503,1267
clonotype242,clonotype242_consensus_1,683,IGK,IGKV2D-28,None,IGKJ2,IGKC,True,True,CMQPLQSPYTF,TGCATGCAACCTCTACAAAGTCCGTACACTTTT,23989,1890
clonotype243,clonotype243_consensus_1,569,IGK,IGKV4-1,None,IGKJ4,IGKC,True,True,CQQYYSIPLTF,TGTCAGCAATATTATAGTATTCCGCTCACTTTC,354,29
clonotype243,clonotype243_consensus_2,553,IGK,IGKV1-5,None,IGKJ1,IGKC,True,True,CQQYNTYSRTF,TGCCAACAGTATAATACTTATTCTCGGACATTC,421,36
clonotype243,clonotype243_consensus_3,516,IGH,IGHV2-5,IGHD3-3,IGHJ4,IGHM,True,True,CAHRLTTIFGGGFDYW,TGTGCACACAGACTAACTACGATTTTTGGAGGGGGCTTTGACTACTGG,162,14
clonotype244,clonotype244_consensus_1,593,IGH,IGHV3-53,IGHD3OR15-3A,IGHJ4,IGHM,True,True,CARGRDQSGNGGLVAFYW,TGTGCGAGAGGGCGGGACCAGTCTGGAAACGGGGGACTGGTTGCTTTCTACTGG,5219,445
clonotype244,clonotype244_consensus_2,740,IGK,IGKV1-9,None,IGKJ4,IGKC,True,True,CQQLNSYPLTF,TGTCAACAGCTTAATAGTTACCCTCTCACTTTC,15499,1293
clonotype245,clonotype245_consensus_1,579,IGK,IGKV3-20,None,IGKJ2,IGKC,True,True,CQQYGSSPRYTF,TGTCAGCAGTATGGTAGCTCACCTAGGTACACTTTT,261,25
clonotype246,clonotype246_consensus_1,675,IGH,IGHV3-66,IGHD1-14,IGHJ5,IGHG2,True,True,CTRGPTGYPNWFDPW,TGTACGAGAGGCCCGACCGGGTACCCCAACTGGTTCGACCCCTGG,135,11
clonotype246,clonotype246_consensus_2,680,IGK,IGKV4-1,None,IGKJ1,IGKC,True,True,CQQYYGNPTF,TGTCAGCAATATTATGGTAATCCGACGTTC,11847,951
clonotype247,clonotype247_consensus_1,557,IGK,IGKV1-27,None,IGKJ1,IGKC,True,True,CQQYYSVPWTF,TGTCAACAGTATTACAGTGTCCCGTGGACGTTC,1338,116
clonotype248,clonotype248_consensus_1,642,IGH,IGHV3-74,IGHD3-10,IGHJ4,IGHA2,True,True,CARGRAGQYFDYW,TGTGCAAGAGGTCGTGCGGGCCAGTACTTTGACTACTGG,403,31
clonotype249,clonotype249_consensus_1,554,IGK,IGKV1-12,None,IGKJ5,IGKC,True,True,CLQGESYPLTF,TGTCTGCAAGGTGAGAGTTACCCTCTCACCTTC,307,25
clonotype24,clonotype24_consensus_1,677,IGH,IGHV3-74,IGHD2-21,IGHJ4,IGHG2,True,True,CVRDDGAW,TGTGTTAGAGACGACGGCGCGTGG,4643,428
clonotype24,clonotype24_consensus_2,574,IGK,IGKV3-11,None,IGKJ3,IGKC,True,True,CLQRSNWPFTF,TGTCTACAGCGTAGCAATTGGCCCTTCACTTTC,7868,664
clonotype250,clonotype250_consensus_1,570,IGK,IGKV2-30,None,IGKJ1,IGKC,True,True,CMQATHWPWTF,TGCATGCAGGCTACACACTGGCCGTGGACGTTC,788,68
clonotype251,clonotype251_consensus_1,566,IGK,IGKV2D-29,None,IGKJ5,IGKC,True,True,CMQTIQPLITF,TGCATGCAAACTATACAGCCCTTGATCACCTTC,141,14
clonotype252,clonotype252_consensus_1,552,IGK,IGKV1-33,None,IGKJ3,IGKC,True,True,CQQYDNLPLAF,TGTCAACAGTATGATAATCTCCCCCTCGCTTTC,216,17
clonotype253,clonotype253_consensus_1,569,IGK,IGKV1D-39,None,IGKJ3,IGKC,True,True,CQQSYTTLFTF,TGTCAACAGAGTTACACTACCCTCTTCACTTTC,308,26
clonotype254,clonotype254_consensus_1,574,IGK,IGKV3-15,None,IGKJ4,IGKC,True,True,CQQYHNWPPLTF,TGTCAGCAGTATCATAACTGGCCTCCGCTCACTTTC,2002,169
clonotype255,clonotype255_consensus_1,552,IGK,IGKV1D-39,None,IGKJ2,IGKC,True,True,CQQSYSTPYTF,TGTCAACAGAGTTACAGTACCCCGTACACTTTT,199,19
clonotype256,clonotype256_consensus_1,555,IGK,IGKV1-17,None,IGKJ1,IGKC,True,True,CLQHNSYPRTF,TGTCTACAGCATAATAGTTACCCTCGGACGTTC,3328,280
clonotype256,clonotype256_consensus_2,543,IGH,IGHV3-23,IGHD3-3,IGHJ3,IGHG1,True,True,CAKDITYDFWSGYRDAFEIW,TGTGCGAAAGATATCACTTACGATTTTTGGAGTGGTTATCGTGATGCTTTTGAAATCTGG,315,31
clonotype257,clonotype257_consensus_1,683,IGH,IGHV3-72,IGHD3-16,IGHJ3,IGHG2,True,True,CARRRQGTDGFDIW,TGTGCCCGCCGGCGTCAGGGGACCGATGGTTTTGATATCTGG,159,13
clonotype257,clonotype257_consensus_2,549,IGK,IGKV1-9,None,IGKJ4,IGKC,True,True,CQQVMIYPLTF,TGTCAACAAGTTATGATTTACCCACTCACTTTC,376,32
clonotype258,clonotype258_consensus_1,785,IGK,IGKV1D-39,None,IGKJ1,IGKC,True,True,CQQSYNTPWTF,TGTCAACAGAGTTACAATACCCCGTGGACGTTC,94510,8595
clonotype258,clonotype258_consensus_2,680,IGH,IGHV1-18,IGHD1-26,IGHJ6,IGHG2,True,True,CARNRAYSEIYCMDVW,TGTGCGAGAAACCGGGCCTATAGTGAGATCTACTGCATGGACGTCTGG,21930,2349
clonotype259,clonotype259_consensus_1,420,IGK,IGKV1-33,None,IGKJ3,None,True,True,CQQYDNLPIFTF,TGTCAACAGTATGATAATCTCCCTATATTCACTTTC,287,25
clonotype25,clonotype25_consensus_1,569,IGK,IGKV3-11,None,IGKJ4,IGKC,True,True,CQQRSSWPLTF,TGTCAGCAGCGTAGCAGCTGGCCTCTCACTTTC,1635,138
clonotype260,clonotype260_consensus_1,654,IGH,IGHV4-34,IGHD2-15,IGHJ5,IGHG1,True,True,CARGGGGRAWFDPW,TGTGCGAGAGGCGGTGGTGGGAGGGCCTGGTTCGACCCCTGG,594,48
clonotype260,clonotype260_consensus_2,657,IGK,IGKV1D-39,None,IGKJ5,IGKC,True,True,CQQSYSPPITF,TGTCAACAGAGTTACAGTCCCCCGATCACCTTC,3415,253
clonotype261,clonotype261_consensus_1,647,IGL,IGLV4-69,None,IGLJ2,IGLC2,True,True,CQTWATGSHVVF,TGTCAGACCTGGGCCACTGGCTCCCATGTGGTATTC,563,54
clonotype262,clonotype262_consensus_1,678,IGL,IGLV2-14,None,IGLJ2,IGLC2,True,True,CLSYTTKKNKVF,TGCCTCTCATATACAACCAAAAAGAATAAAGTTTTT,8761,909
clonotype262,clonotype262_consensus_2,695,IGH,IGHV3-7,IGHD1OR15-1A,IGHJ5,IGHG2,True,True,CTRETLIGTAGSDW,TGTACGAGAGAGACATTAATTGGAACAGCTGGCTCGGACTGG,7764,809
clonotype263,clonotype263_consensus_1,668,IGH,IGHV3-23,IGHD1-26,IGHJ4,IGHG2,True,True,CAKGEVGVDYW,TGTGCGAAAGGGGAGGTGGGAGTTGACTACTGG,544,45
clonotype263,clonotype263_consensus_2,637,IGL,IGLV7-43,None,IGLJ3,IGLC3,True,True,CLLYYGGARMF,TGCCTGCTCTACTATGGTGGTGCTCGGATGTTC,850,74
clonotype264,clonotype264_consensus_1,549,IGK,IGKV1-9,None,IGKJ2,IGKC,True,True,CQQANTYPYTF,TGTCAGCAGGCTAATACTTACCCTTACACTTTT,257,24
clonotype265,clonotype265_consensus_1,569,IGH,IGHV3-33,IGHD1-26,IGHJ4,IGHM,True,True,CARDRSGSRRGFDYW,TGTGCGAGAGATAGGAGTGGGAGCCGCCGAGGCTTTGACTACTGG,521,48
clonotype266,clonotype266_consensus_1,541,IGH,IGHV1-46,IGHD3-16,IGHJ4,IGHM,True,True,CARFGLTFDYW,TGTGCGAGATTTGGGTTAACCTTTGACTACTGG,121,8
clonotype267,clonotype267_consensus_1,588,IGK,IGKV3-11,None,IGKJ2,IGKC,True,True,CQQRSNWPSSTF,TGTCAGCAGCGTAGCAACTGGCCTTCGTCCACTTTT,290,25
clonotype268,clonotype268_consensus_1,679,IGK,IGKV3-15,None,IGKJ2,IGKC,True,True,CQQYHNWPYTF,TGTCAGCAGTATCATAACTGGCCGTACACTTTT,112414,7538
clonotype268,clonotype268_consensus_2,821,IGH,IGHV3-11,IGHD6-6,IGHJ4,IGHA1,True,True,CASALEYSSSPIEIW,TGTGCGAGCGCCCTCGAGTATAGTTCTTCGCCTATTGAAATCTGG,7471,660
clonotype269,clonotype269_consensus_1,714,IGH,IGHV3-7,IGHD2-2,IGHJ5,IGHG2,True,True,CARGGAIQPKAMPAW,TGTGCGAGAGGTGGAGCAATACAGCCAAAGGCTATGCCGGCCTGG,11534,1013
clonotype269,clonotype269_consensus_2,781,IGK,IGKV1-9,None,IGKJ1,IGKC,True,True,CQHHDSYPLAF,TGTCAACACCATGATAGTTACCCCTTGGCGTTC,65385,4974
clonotype26,clonotype26_consensus_1,707,IGH,IGHV3-23,IGHD1-7,IGHJ3,IGHG2,True,True,CAKDGEYNWNYDAFDIW,TGTGCGAAAGATGGGGAGTATAATTGGAATTACGATGCTTTTGATATCTGG,8671,854
clonotype26,clonotype26_consensus_2,682,IGK,IGKV2-30,None,IGKJ2,IGKC,True,True,CMQGSHWPPYTF,TGCATGCAAGGTTCACACTGGCCTCCGTACACTTTT,54598,4609
clonotype270,clonotype270_consensus_1,700,IGH,IGHV3-33,IGHD2-15,IGHJ4,IGHA1,True,True,CARDDCSGGNCSGFWGLYNDYW,TGTGCGAGAGATGACTGTAGCGGTGGAAACTGCTCCGGCTTCTGGGGCTTGTATAATGACTACTGG,8000,834
clonotype270,clonotype270_consensus_2,670,IGL,IGLV1-51,None,IGLJ3,IGLC2,True,True,CGTWDNRLSAGVF,TGCGGAACATGGGATAACAGGCTGAGTGCTGGTGTGTTC,6483,618
clonotype271,clonotype271_consensus_1,555,IGK,IGKV3-15,None,IGKJ2,IGKC,True,True,CQQYNNWPRYTF,TGTCAGCAGTATAATAACTGGCCTCGGTACACTTTT,158,15
clonotype272,clonotype272_consensus_1,686,IGK,IGKV1-5,None,IGKJ4,IGKC,True,True,CQQYNTYPLTF,TGCCAACAGTATAATACTTATCCGCTCACTTTC,71515,5447
clonotype272,clonotype272_consensus_2,657,IGH,IGHV1-69-2,IGHD5-12,IGHJ3,IGHA1,True,True,CVTRAKNVDVVANVFDVW,TGTGTGACCCGGGCCAAGAACGTGGATGTAGTGGCTAATGTCTTTGATGTCTGG,22259,1808
clonotype273,clonotype273_consensus_1,709,IGH,IGHV3-23,IGHD1-26,IGHJ4,IGHG1,True,True,CAKDWSMVGAGVDYW,TGTGCGAAGGATTGGAGTATGGTAGGAGCTGGGGTTGACTACTGG,4713,435
clonotype273,clonotype273_consensus_2,673,IGK,IGKV1-33,None,IGKJ2,IGKC,True,True,CQQYHNLPPYTF,TGTCAACAGTATCATAATCTCCCTCCGTACACTTTT,104294,7271
clonotype274,clonotype274_consensus_1,655,IGL,IGLV1-44,None,IGLJ3,IGLC3,True,True,CAAWDDTLTGYWVF,TGTGCAGCATGGGATGACACCCTGACTGGTTATTGGGTGTTC,7280,661
clonotype274,clonotype274_consensus_2,653,IGH,IGHV4-34,IGHD1-26,IGHJ3,IGHG1,True,True,CVTSWEDAFDIW,TGTGTCACTAGTTGGGAGGATGCTTTTGATATCTGG,5810,517
clonotype275,clonotype275_consensus_1,645,IGL,IGLV2-14,None,IGLJ1,IGLC1,True,True,CSSYSSSSTPYVF,TGCAGCTCATATTCAAGCAGCAGCACTCCTTATGTCTTC,455,43
clonotype275,clonotype275_consensus_2,650,IGH,IGHV1-3,IGHD6-19,IGHJ4,IGHG2,True,True,CAREGAVVGLDLDYW,TGTGCGAGAGAGGGGGCAGTGGTTGGCCTTGATCTTGACTACTGG,257,20
clonotype276,clonotype276_consensus_1,552,IGK,IGKV1-8,None,IGKJ3,IGKC,True,True,CQQYYSYPFTF,TGTCAACAGTATTATAGTTACCCATTCACTTTC,182,15
clonotype277,clonotype277_consensus_1,571,IGK,IGKV2-24,None,IGKJ2,IGKC,True,True,CLHATQSSYTF,TGCTTGCACGCTACACAATCTTCGTACACTTTT,1543,128
clonotype278,clonotype278_consensus_1,711,IGH,IGHV5-51,IGHD6-19,IGHJ4,IGHA1,True,True,CARQGSGWSGTPYDYW,TGTGCGAGACAAGGCAGTGGCTGGTCCGGGACCCCATATGACTACTGG,7600,653
clonotype278,clonotype278_consensus_2,685,IGK,IGKV3-15,None,IGKJ1,IGKC,True,True,CQHYKNWPRTF,TGTCAGCATTATAAAAATTGGCCTCGAACGTTC,31529,2528
clonotype279,clonotype279_consensus_1,443,IGK,IGKV3-15,None,IGKJ1,IGKC,True,True,CQQYNKWPLTF,TGTCAGCAGTATAATAAGTGGCCACTGACGTTC,177,17
clonotype27,clonotype27_consensus_1,738,IGK,IGKV3-20,None,IGKJ1,IGKC,True,True,CQQYGNSPRTF,TGTCAGCAGTATGGTAACTCACCTCGGACGTTC,3309,277
clonotype280,clonotype280_consensus_1,434,IGK,IGKV3-11,None,IGKJ3,None,True,True,CQQRSNWPFTF,TGTCAGCAGCGTAGCAACTGGCCTTTCACTTTC,196,18
clonotype281,clonotype281_consensus_1,568,IGK,IGKV4-1,None,IGKJ1,IGKC,True,True,CQQYYSTPWTF,TGTCAGCAATATTATAGTACTCCCTGGACGTTC,165,15
clonotype282,clonotype282_consensus_1,563,IGK,IGKV3-15,None,IGKJ2,IGKC,True,True,CQQYNSWPPPF,TGTCAGCAGTATAATAGTTGGCCTCCGCCCTTT,198,18
clonotype283,clonotype283_consensus_1,665,IGK,IGKV3-20,None,IGKJ1,IGKC,True,True,CQQFVGPPRTF,TGTCAGCAGTTTGTTGGCCCACCTCGGACGTTC,11627,921
clonotype283,clonotype283_consensus_2,700,IGH,IGHV3-48,IGHD2-2,IGHJ4,IGHG1,True,True,CARDRVDCPDSICYRQFLDHW,TGTGCGCGAGACAGGGTGGATTGTCCTGATTCCATCTGCTATCGTCAGTTTCTTGACCACTGG,718,58
clonotype284,clonotype284_consensus_1,564,IGK,IGKV1-12,None,IGKJ2,IGKC,True,True,CQQANSFPYTF,TGTCAACAGGCTAACAGTTTCCCGTACACTTTT,2240,188
clonotype284,clonotype284_consensus_2,694,IGH,IGHV3-21,IGHD4-23,IGHJ4,IGHG2,True,True,CASDPPTAGDYGGGADFDYW,TGTGCGAGTGATCCCCCTACTGCGGGAGACTACGGTGGCGGAGCCGATTTTGACTACTGG,251,23
clonotype285,clonotype285_consensus_1,446,IGH,IGHV2-5,IGHD7-27,IGHJ4,IGHG1,True,True,CAQRREEFDYW,TGTGCACAGAGACGTGAGGAATTTGACTACTGG,292,29
clonotype285,clonotype285_consensus_2,500,IGL,IGLV3-19,None,IGLJ3,IGLC2,True,True,CNSRDPSAYWVF,TGTAACTCCCGGGACCCCAGTGCCTATTGGGTATTC,322,31
clonotype286,clonotype286_consensus_1,687,IGH,IGHV1-18,IGHD3-9,IGHJ5,IGHG1,True,True,CARSDDDVLTGQHWFDPW,TGCGCGAGATCCGATGACGATGTTTTGACTGGTCAACACTGGTTCGACCCCTGG,14169,1306
clonotype286,clonotype286_consensus_2,789,IGL,IGLV1-40,None,IGLJ3,IGLC2,True,True,CQSYDNGLSGWVF,TGTCAGTCATATGACAACGGCCTGAGTGGTTGGGTGTTC,16028,1625
clonotype287,clonotype287_consensus_1,721,IGH,IGHV3-23,IGHD3-3,IGHJ3,IGHG1,True,True,CAKEYRMRYDIWSDYFDAFDIW,TGTGCGAAAGAGTATCGTATGCGTTACGATATTTGGAGTGATTATTTTGATGCTTTTGATATCTGG,2756,267
clonotype287,clonotype287_consensus_2,675,IGK,IGKV1-5,None,IGKJ1,IGKC,True,True,CQQYNSQWTF,TGCCAACAGTATAATAGTCAGTGGACGTTC,65915,4865
clonotype288,clonotype288_consensus_1,445,IGK,IGKV4-1,None,IGKJ3,None,True,True,CQQYYLIPRTF,TGTCAGCAATATTATCTTATTCCTCGCACTTTC,161,14
clonotype289,clonotype289_consensus_1,564,IGK,IGKV2-30,None,IGKJ2,IGKC,True,True,CMEGTHLYTF,TGCATGGAAGGCACACACCTTTACACTTTT,391,32
clonotype289,clonotype289_consensus_2,670,IGH,IGHV3-7,IGHD1-7,IGHJ4,IGHA2,True,True,CARDYWNSFDYW,TGTGCGAGAGATTACTGGAACTCTTTTGACTACTGG,461,33
clonotype28,clonotype28_consensus_1,582,IGK,IGKV4-1,None,IGKJ4,IGKC,True,True,CQQSYENPLTF,TGTCAGCAATCTTATGAAAATCCCCTCACTTTC,3079,275
clonotype290,clonotype290_consensus_1,808,IGK,IGKV1-12,None,IGKJ5,IGKC,True,True,CLQGQSYPLTF,TGTCTACAGGGTCAGAGTTACCCTCTCACCTTC,44338,3562
clonotype290,clonotype290_consensus_2,717,IGH,IGHV3-33,IGHD4-23,IGHJ4,IGHG2,True,True,CASDPPTAGDYGGGGDFDHW,TGTGCGAGTGATCCCCCTACTGCGGGAGACTACGGTGGCGGAGGCGATTTTGACCACTGG,5385,651
clonotype291,clonotype291_consensus_1,674,IGL,IGLV2-11,None,IGLJ1,IGLC1,True,True,CSSHGINTYVF,TGCAGCTCACATGGAATCAATACTTATGTCTTC,4545,385
clonotype291,clonotype291_consensus_2,682,IGH,IGHV3-74,IGHD5-12,IGHJ4,IGHG2,True,True,CARDRPDRGFDSEPLFDIW,TGTGCTAGAGATCGACCTGACCGTGGCTTTGATTCGGAGCCCCTCTTTGACATCTGG,2006,165
clonotype292,clonotype292_consensus_1,669,IGL,IGLV2-14,None,IGLJ1,IGLC1,True,True,CSFTSASSHYVF,TGCTCATTCACAAGCGCCAGCAGTCATTATGTCTTC,14797,1410
clonotype293,clonotype293_consensus_1,710,IGH,IGHV1-69-2,IGHD2-8,IGHJ4,IGHG2,True,True,CARWAAICERGDCYTVSFDYW,TGTGCGAGATGGGCCGCAATTTGTGAGAGGGGCGATTGCTATACGGTCTCTTTTGACTACTGG,4573,430
clonotype293,clonotype293_consensus_2,842,IGK,IGKV3-20,None,IGKJ4,IGKC,True,True,CQQVFSSPQTF,TGTCAGCAGGTTTTTAGCTCACCTCAGACTTTC,32758,2730
clonotype294,clonotype294_consensus_1,649,IGL,IGLV7-46,None,IGLJ2,IGLC2,True,True,CLLFSVGGGLFVF,TGCTTACTCTTTTCTGTTGGTGGTGGTCTTTTCGTTTTC,887,89
clonotype294,clonotype294_consensus_2,684,IGH,IGHV3-15,IGHD5-18,IGHJ4,IGHG2,True,True,CSISTSRGYSYGYW,TGTTCCATTTCAACCTCGCGTGGATACAGCTATGGTTATTGG,638,62
clonotype295,clonotype295_consensus_1,566,IGH,IGHV3-23,IGHD6-19,IGHJ4,IGHM,True,True,CTKDQYSSGQSVW,TGTACGAAAGATCAGTATAGCAGTGGCCAAAGTGTGTGG,1778,150
clonotype295,clonotype295_consensus_2,553,IGK,IGKV1-9,None,IGKJ5,IGKC,True,True,CQQLSSYPITF,TGTCAACAGCTTAGTAGTTACCCCATCACCTTC,6060,528
clonotype296,clonotype296_consensus_1,561,IGK,IGKV3-11,None,IGKJ4,IGKC,True,True,CQQRSDWPLTF,TGTCAGCAACGCAGCGACTGGCCTCTCACTTTC,738,64
clonotype297,clonotype297_consensus_1,552,IGK,IGKV1-5,None,IGKJ2,IGKC,True,True,CQQYHVFSYTF,TGCCAACAGTATCATGTTTTCTCTTACACTTTT,535,46
clonotype298,clonotype298_consensus_1,554,IGK,IGKV1-16,None,IGKJ4,IGKC,True,True,CQQYKSYPLTF,TGCCAACAGTATAAAAGTTACCCTCTCACTTTC,273,21
clonotype299,clonotype299_consensus_1,762,IGK,IGKV1D-39,None,IGKJ1,IGKC,True,True,CQQSYSTPLTF,TGTCAACAGAGTTACAGTACCCCTCTGACGTTC,13854,1132
clonotype299,clonotype299_consensus_2,668,IGH,IGHV3-15,IGHD2-21,IGHJ4,IGHA1,True,True,CIMVGTTLFWNSFDYW,TGCATTATGGTAGGGACTACACTCTTTTGGAACTCCTTTGACTACTGG,1731,155
clonotype29,clonotype29_consensus_1,669,IGK,IGKV3-15,None,IGKJ4,IGKC,True,True,CQHYNEWPLTF,TGTCAGCACTATAATGAGTGGCCGCTCACTTTC,121261,9690
clonotype29,clonotype29_consensus_2,765,IGH,IGHV4-39,IGHD2-8,IGHJ6,IGHG2,True,True,CARRNAMDVW,TGTGCGAGACGGAATGCTATGGACGTCTGG,28941,2509
clonotype2,clonotype2_consensus_1,575,IGK,IGKV1-17,None,IGKJ1,IGKC,True,True,CLQHNSDPRTF,TGTCTACAGCATAATAGTGACCCTCGGACGTTC,25274,2198
clonotype300,clonotype300_consensus_1,749,IGK,IGKV4-1,None,IGKJ1,IGKC,True,True,CQQYYGSTWTF,TGTCAGCAATATTATGGTAGTACGTGGACGTTC,89705,8163
clonotype300,clonotype300_consensus_2,676,IGH,IGHV3-7,IGHD3-3,IGHJ4,IGHM,True,True,CARVADIDGSGYYNGYFDCW,TGTGCGAGAGTTGCAGACATTGATGGAAGTGGTTATTATAACGGTTACTTTGACTGCTGG,30401,3072
clonotype301,clonotype301_consensus_1,694,IGK,IGKV1-16,None,IGKJ5,IGKC,True,True,CQQYNGYPVTF,TGCCAACAATATAATGGTTACCCTGTCACCTTC,102575,7264
clonotype301,clonotype301_consensus_2,719,IGH,IGHV3-23,IGHD2-2,IGHJ4,IGHG1,True,True,CGRRDCSSPICSFSPLQLFDSW,TGTGGAAGAAGGGATTGTAGTAGTCCCATTTGCTCTTTTTCTCCATTGCAACTCTTTGACTCTTGG,3420,342
clonotype302,clonotype302_consensus_1,593,IGK,IGKV3-20,None,IGKJ1,IGKC,True,True,CQQYGSSPPRTF,TGTCAGCAGTATGGTAGCTCACCCCCCCGGACGTTC,268,23
clonotype303,clonotype303_consensus_1,652,IGL,IGLV1-47,None,IGLJ2,IGLC2,True,True,CATWDDSLTTVVF,TGTGCAACATGGGATGACAGCCTGACTACTGTGGTTTTC,116,11
clonotype303,clonotype303_consensus_2,643,IGH,IGHV4-39,IGHD6-19,IGHJ3,IGHA1,True,True,CARGFSYYTSSGHFADARAGFDIW,TGTGCGAGAGGATTCTCTTATTACACTAGCAGTGGACACTTCGCAGATGCCCGTGCTGGTTTTGATATCTGG,216,17
clonotype304,clonotype304_consensus_1,685,IGK,IGKV3-20,None,IGKJ2,IGKC,True,True,CQQHGTSPQTF,TGTCAGCAGCATGGTACCTCACCTCAAACTTTT,2337,199
clonotype304,clonotype304_consensus_2,631,IGH,IGHV4-39,IGHD2-8,IGHJ4,IGHG1,True,True,CARRGVYAVKPYDYW,TGTGCGAGACGCGGGGTGTATGCTGTGAAACCTTATGACTATTGG,833,78
clonotype305,clonotype305_consensus_1,672,IGL,IGLV8-61,None,IGLJ3,IGLC2,True,True,CVLFMGRGIWVF,TGTGTACTGTTTATGGGTCGTGGCATTTGGGTGTTC,2823,276
clonotype306,clonotype306_consensus_1,557,IGK,IGKV1D-39,None,IGKJ4,IGKC,True,True,CQQTHSKFLTF,TGTCAACAGACTCACAGTAAATTTCTCACTTTT,5876,509
clonotype306,clonotype306_consensus_2,671,IGH,IGHV5-51,IGHD5-24,IGHJ3,IGHG1,True,True,CARPTGKMATFTGDAFDIW,TGTGCGAGACCAACGGGCAAAATGGCTACATTTACGGGTGATGCTTTTGATATCTGG,302,31
clonotype307,clonotype307_consensus_1,488,IGH,IGHV4-39,IGHD3-22,IGHJ3,IGHM,True,True,CARLGSTYYNNAFDIW,TGTGCGAGACTAGGTAGTACTTATTACAACAATGCTTTTGATATCTGG,49,4
clonotype308,clonotype308_consensus_1,784,IGH,IGHV4-4,IGHD3-22,IGHJ5,IGHG1,True,True,CAMKSHYYDSSGYLPDNWLDPW,TGTGCGATGAAAAGTCATTATTATGACAGTAGTGGATATCTGCCTGACAACTGGCTCGACCCCTGG,3821,353
clonotype308,clonotype308_consensus_2,848,IGK,IGKV1-9,None,IGKJ4,IGKC,True,True,CQQFNSYPLTF,TGTCAACAATTTAACAGTTATCCTCTCACTTTC,69601,5136
clonotype309,clonotype309_consensus_1,553,IGK,IGKV1-9,None,IGKJ4,IGKC,True,True,CQQFNSYPLTF,TGTCAACAATTTAACAGTTATCCTCTCACTTTC,183,16
clonotype30,clonotype30_consensus_1,635,IGL,IGLV2-11,None,IGLJ3,IGLC3,True,True,CYSHINKVF,TGCTACTCACATATAAATAAGGTGTTC,13239,1287
clonotype30,clonotype30_consensus_2,691,IGH,IGHV3-7,IGHD3-10,IGHJ5,IGHG2,True,True,CAREGVGAYDLW,TGTGCGAGAGAGGGTGTCGGGGCCTATGACCTCTGG,6392,665
clonotype310,clonotype310_consensus_1,575,IGK,IGKV3-20,None,IGKJ2,IGKC,True,True,CQQYGSSLTF,TGTCAGCAGTATGGTAGCTCCCTAACTTTT,276,24
clonotype311,clonotype311_consensus_1,533,IGH,IGHV1-2,IGHD3-3,IGHJ6,IGHD,True,True,CARGKAGRFFIYYYYYMDVW,TGTGCGAGAGGCAAGGCTGGACGATTTTTCATCTACTACTACTACTACATGGACGTCTGG,313,26
clonotype312,clonotype312_consensus_1,567,IGK,IGKV2D-28,None,IGKJ1,IGKC,True,True,CMQALQTPWTF,TGCATGCAAGCTCTACAAACTCCTTGGACGTTC,455,39
clonotype313,clonotype313_consensus_1,553,IGK,IGKV1-33,None,IGKJ4,IGKC,True,True,CQQYDNLPFTF,TGTCAACAGTATGATAATCTCCCTTTCACTTTC,1221,109
clonotype314,clonotype314_consensus_1,572,IGK,IGKV4-1,None,IGKJ1,IGKC,True,True,CQQYYTRPPWTF,TGTCAGCAATATTATACTAGACCCCCGTGGACGTTC,782,67
clonotype315,clonotype315_consensus_1,721,IGK,IGKV3-15,None,IGKJ1,IGKC,True,True,CQQYEERPPWTF,TGCCAGCAGTATGAGGAGCGGCCCCCGTGGACGTTC,86656,6362
clonotype315,clonotype315_consensus_2,688,IGH,IGHV1-24,IGHD3-16,IGHJ2,IGHG1,True,True,CAADWGTFSPGWYFDLW,TGTGCTGCAGATTGGGGGACCTTCTCTCCGGGGTGGTACTTCGATCTCTGG,7310,656
clonotype316,clonotype316_consensus_1,531,IGH,IGHV4-39,IGHD5-24,IGHJ5,IGHM,True,True,CASGEITDGWFDPW,TGTGCGAGTGGCGAAATTACAGATGGGTGGTTCGACCCCTGG,89,8
clonotype317,clonotype317_consensus_1,570,IGK,IGKV1D-39,None,IGKJ4,IGKC,True,True,CQQSYSTPPLTF,TGTCAACAGAGTTACAGTACCCCTCCCCTCACTTTC,122,12
clonotype318,clonotype318_consensus_1,448,IGL,IGLV6-57,None,IGLJ7,IGLC2,True,True,CQSYDSSTPHAVF,TGTCAGTCTTATGATAGCAGCACTCCTCATGCTGTGTTC,51,5
clonotype319,clonotype319_consensus_1,709,IGK,IGKV2-30,None,IGKJ2,IGKC,True,True,CMQGRHWPRTF,TGCATGCAAGGTAGACACTGGCCGCGCACTTTT,41745,3260
clonotype319,clonotype319_consensus_2,680,IGH,IGHV3-7,IGHD3-16,IGHJ3,IGHG2,True,True,CARNPTWGAFDIW,TGTGCGAGAAATCCGACATGGGGTGCTTTTGACATCTGG,4132,370
clonotype31,clonotype31_consensus_1,668,IGK,IGKV3-11,None,IGKJ4,IGKC,True,True,CHQRSNWLTF,TGTCACCAACGTAGCAACTGGCTCACTTTC,21050,1677
clonotype31,clonotype31_consensus_2,727,IGH,IGHV3-64,IGHD2-2,IGHJ4,IGHG2,True,True,CVRNSQPTEW,TGTGTGAGAAATTCCCAGCCTACCGAGTGG,7655,641
clonotype320,clonotype320_consensus_1,553,IGK,IGKV1-17,None,IGKJ1,IGKC,True,True,CLQHNSYPRTF,TGTCTACAGCATAATAGTTACCCTCGGACGTTC,270,22
clonotype321,clonotype321_consensus_1,561,IGK,IGKV3-20,None,IGKJ4,IGKC,True,True,CQPYGSSFTF,TGTCAGCCCTATGGTAGTTCATTCACTTTC,242,22
clonotype322,clonotype322_consensus_1,743,IGL,IGLV1-44,None,IGLJ1,IGLC1,True,True,CAAWDDSLNGRFVF,TGTGCAGCATGGGATGACAGCCTGAATGGCCGTTTTGTCTTC,18778,1729
clonotype322,clonotype322_consensus_2,671,IGH,IGHV4-59,IGHD5-18,IGHJ6,IGHG2,True,True,CARGGGMVVYGLSYYGMDVW,TGTGCGAGAGGGGGGGGTATGGTCGTCTATGGTTTGAGCTACTACGGTATGGACGTCTGG,4596,440
clonotype323,clonotype323_consensus_1,683,IGH,IGHV3-48,IGHD1-1,IGHJ4,IGHG1,True,True,CAREVPATGPGWDYW,TGTGCGAGAGAGGTGCCTGCAACTGGGCCGGGCTGGGACTACTGG,2403,254
clonotype324,clonotype324_consensus_1,681,IGH,IGHV3-23,IGHD1OR15-1A,IGHJ4,IGHG2,True,True,CAKRLELGGPYDFW,TGTGCGAAAAGACTGGAATTGGGTGGCCCCTATGACTTCTGG,1542,162
clonotype324,clonotype324_consensus_2,671,IGK,IGKV3-15,None,IGKJ2,IGKC,True,True,CQQYNNWPHTF,TGTCAGCAGTATAATAACTGGCCTCACACTTTT,17026,1361
clonotype325,clonotype325_consensus_1,717,IGK,IGKV3-20,None,IGKJ1,IGKC,True,True,CQEYASSLTWTF,TGTCAGGAGTATGCTAGTTCACTCACGTGGACGTTC,104984,7501
clonotype325,clonotype325_consensus_2,698,IGH,IGHV1-69-2,IGHD3-22,IGHJ4,IGHG1,True,True,CARGGRNYYDSGGFYPQELYW,TGTGCGAGAGGTGGCCGAAATTATTATGATAGTGGTGGTTTTTACCCGCAAGAGTTGTACTGG,8479,732
clonotype326,clonotype326_consensus_1,642,IGH,IGHV4-39,IGHD6-19,IGHJ4,IGHA1,True,True,CAKELGSNGWMNYFDYW,TGTGCGAAAGAATTGGGTAGCAATGGCTGGATGAACTACTTTGACTACTGG,24227,2248
clonotype326,clonotype326_consensus_2,847,IGK,IGKV3-20,None,IGKJ1,IGKC,True,True,CQQYGSSPRTF,TGTCAGCAGTATGGTAGCTCACCTCGGACGTTC,95238,7682
clonotype327,clonotype327_consensus_1,667,IGK,IGKV3-20,None,IGKJ3,IGKC,True,True,CQQYGSSPFIF,TGTCAGCAGTATGGTAGCTCACCATTCATTTTC,534,47
clonotype328,clonotype328_consensus_1,657,IGL,IGLV4-3,None,IGLJ2,IGLC2,True,True,CGESHTIDGQVGWLF,TGTGGAGAGAGCCACACGATTGATGGCCAAGTCGGTTGGCTATTC,1109,91
clonotype329,clonotype329_consensus_1,532,IGH,IGHV1-46,IGHD6-19,IGHJ4,IGHG1,True,True,CASASGPFFPFDYW,TGTGCGAGCGCCAGTGGACCCTTTTTCCCGTTCGACTACTGG,161,15
clonotype329,clonotype329_consensus_2,581,IGK,IGKV4-1,None,IGKJ4,IGKC,True,True,CQQSYENPLTF,TGTCAGCAATCTTATGAAAATCCCCTCACTTTC,405,36
clonotype32,clonotype32_consensus_1,744,IGL,IGLV1-44,None,IGLJ2,IGLC2,True,True,CAAWDDSLNGPVF,TGTGCAGCTTGGGATGACAGCCTGAACGGTCCGGTTTTC,983,95
clonotype330,clonotype330_consensus_1,553,IGK,IGKV1-5,None,IGKJ1,IGKC,True,True,CQHFNSYPWTF,TGCCAACATTTCAATAGTTATCCGTGGACGTTC,258,23
clonotype331,clonotype331_consensus_1,552,IGK,IGKV3-11,None,IGKJ2,IGKC,True,True,CQQRSGWPYTF,TGTCAGCAACGTAGCGGCTGGCCGTACACTTTT,165,15
clonotype331,clonotype331_consensus_2,667,IGH,IGHV3-7,IGHD6-25,IGHJ4,IGHG2,True,True,CARAGSRPDFW,TGTGCGAGAGCGGGCAGCCGCCCTGACTTTTGG,124,11
clonotype332,clonotype332_consensus_1,664,IGH,IGHV3-23,IGHD3OR15-3A,IGHJ4,IGHG1,True,True,CARHWTPSYW,TGTGCGAGACATTGGACGCCTTCATATTGG,156,16
clonotype332,clonotype332_consensus_2,554,IGK,IGKV1-17,None,IGKJ1,IGKC,True,True,CLQHNSDPRTF,TGTCTACAGCATAATAGTGACCCTCGGACGTTC,2099,175
clonotype333,clonotype333_consensus_1,571,IGK,IGKV2-30,None,IGKJ2,IGKC,True,True,CMQGSHWPPYTF,TGCATGCAAGGTTCACACTGGCCTCCGTACACTTTT,239,20
clonotype334,clonotype334_consensus_1,552,IGK,IGKV1-33,None,IGKJ3,IGKC,True,True,CQQYDNLPFTF,TGTCAACAGTATGATAATCTCCCCTTCACTTTC,350,31
clonotype335,clonotype335_consensus_1,661,IGL,IGLV1-47,None,IGLJ2,IGLC2,True,True,CAVWDDSLGGSVF,TGTGCAGTTTGGGATGACAGCCTGGGAGGTTCGGTATTC,1602,157
clonotype335,clonotype335_consensus_2,690,IGH,IGHV3-72,IGHD1-26,IGHJ4,IGHG2,True,True,CALEGREPGPDFDYW,TGTGCTCTAGAAGGTCGGGAGCCCGGGCCCGACTTTGACTACTGG,1296,122
clonotype336,clonotype336_consensus_1,552,IGK,IGKV1-17,None,IGKJ4,IGKC,True,True,CLQHNSYPLTF,TGTCTACAGCATAATAGTTACCCCCTCACTTTC,140,13
clonotype337,clonotype337_consensus_1,691,IGH,IGHV4-39,IGHD6-13,IGHJ6,IGHG1,True,True,CARLPACSAGPCYSRGYMDVW,TGTGCGAGACTCCCCGCGTGCAGCGCTGGTCCTTGCTACTCTAGGGGCTACATGGACGTCTGG,30161,2955
clonotype337,clonotype337_consensus_2,789,IGL,IGLV2-8,None,IGLJ2,IGLC2,True,True,CSSYAGSNIVIF,TGCAGCTCATATGCAGGCAGCAACATTGTGATTTTC,22521,1989
clonotype338,clonotype338_consensus_1,687,IGH,IGHV3-72,IGHD1-26,IGHJ4,IGHG2,True,True,CALEGREPGPDFDYW,TGTGCTCTAGAAGGTCGGGAGCCCGGGCCCGACTTTGACTACTGG,257,24
clonotype338,clonotype338_consensus_2,680,IGL,IGLV1-47,None,IGLJ2,IGLC2,True,True,CAVWDDSLRGPVF,TGTGCAGTATGGGATGACAGCCTGAGAGGTCCGGTATTC,764,74
clonotype339,clonotype339_consensus_1,579,IGK,IGKV3-11,None,IGKJ4,IGKC,True,True,CHHRSNWPVTF,TGTCACCACCGTAGCAACTGGCCGGTCACTTTC,319,28
clonotype339,clonotype339_consensus_2,522,IGH,IGHV3-48,IGHD4-23,IGHJ4,IGHM,True,True,CARPIYGGHMSFDCW,TGTGCGAGACCTATATACGGTGGGCACATGTCCTTTGACTGCTGG,96,10
clonotype33,clonotype33_consensus_1,671,IGK,IGKV1D-39,None,IGKJ4,IGKC,True,True,CQQSYSTPRTF,TGTCAACAGAGTTACAGTACCCCTCGAACTTTC,74164,6148
clonotype33,clonotype33_consensus_2,738,IGH,IGHV3-15,IGHD6-13,IGHJ4,IGHG2,True,True,CTSIGSIQYSSSWYLYFHSW,TGCACCTCCATCGGGTCCATTCAATATAGTAGCAGCTGGTACCTCTACTTTCACTCTTGG,5656,562
clonotype340,clonotype340_consensus_1,552,IGK,IGKV1-27,None,IGKJ1,IGKC,True,True,CQKYYSVPWTF,TGTCAAAAGTATTACAGTGTCCCGTGGACGTTC,148,12
clonotype340,clonotype340_consensus_2,533,IGH,IGHV4-39,IGHD3-22,IGHJ3,IGHM,True,True,CARLGSTYYNNAFDIW,TGTGCGAGACTAGGTAGTACTTATTACAACAATGCTTTTGATATCTGG,84,7
clonotype341,clonotype341_consensus_1,551,IGK,IGKV1-8,None,IGKJ2,IGKC,True,True,CLQSYTYPYTF,TGTCTACAGTCTTATACTTATCCGTACACTTTT,88,8
clonotype341,clonotype341_consensus_2,432,IGK,IGKV1-27,None,IGKJ1,None,True,True,CQQSYYTPTWTF,TGTCAACAGAGTTACTATACCCCCACGTGGACGTTC,61,6
clonotype342,clonotype342_consensus_1,657,IGK,IGKV1-5,None,IGKJ4,IGKC,True,True,CHQYHSYPLTF,TGCCACCAGTATCATAGTTATCCTCTCACTTTC,2396,189
clonotype342,clonotype342_consensus_2,687,IGH,IGHV3-72,IGHD1OR15-1A,IGHJ4,IGHG2,True,True,CTRTAYGNNWPTDYW,TGTACTAGGACCGCGTATGGCAATAACTGGCCGACGGACTACTGG,1344,105
clonotype343,clonotype343_consensus_1,603,IGK,IGKV2-30,None,IGKJ1,IGKC,True,True,CMQGTHWPWTF,TGCATGCAAGGTACACACTGGCCGTGGACGTTC,182,17
clonotype344,clonotype344_consensus_1,673,IGH,IGHV3-74,None,IGHJ4,IGHG2,True,True,CASDMTW,TGTGCAAGTGACATGACCTGG,19269,1950
clonotype344,clonotype344_consensus_2,657,IGL,IGLV2-14,None,IGLJ7,IGLC7,True,True,CSSHSSSGRPVF,TGCAGCTCACATTCAAGCAGCGGCAGGCCTGTGTTC,28423,2717
clonotype345,clonotype345_consensus_1,572,IGK,IGKV3-15,None,IGKJ1,IGKC,True,True,CQQYNNWPPSPWTF,TGTCAGCAGTATAATAACTGGCCTCCAAGTCCGTGGACGTTC,347,27
clonotype346,clonotype346_consensus_1,466,IGK,IGKV1-12,None,IGKJ5,None,True,True,CLQGESYPLTF,TGTCTACAGGGTGAGAGTTACCCTCTCACCTTC,100,10
clonotype346,clonotype346_consensus_2,641,IGL,IGLV6-57,None,IGLJ7,IGLC7,True,True,CQSYDSSTPHAVF,TGTCAGTCTTATGATAGCAGCACTCCTCATGCTGTGTTC,131,13
clonotype346,clonotype346_consensus_3,569,IGH,IGHV3-33,IGHD1-26,IGHJ4,IGHM,True,True,CARDRSGSRRGFDYW,TGTGCGAGAGATAGGAGTGGGAGCCGCCGAGGCTTTGACTACTGG,158,12
clonotype347,clonotype347_consensus_1,671,IGK,IGKV2D-28,None,IGKJ4,IGKC,True,True,CMQASQTPLTF,TGCATGCAAGCTTCACAGACCCCCCTCACTTTC,3898,311
clonotype347,clonotype347_consensus_2,691,IGH,IGHV1-69-2,IGHD2-21,IGHJ6,IGHG3,True,True,CARDLDCGSDCYAFYYYSMDVW,TGTGCGAGAGACTTGGATTGTGGTAGTGACTGCTATGCGTTCTACTACTACAGTATGGACGTCTGG,742,61
clonotype348,clonotype348_consensus_1,568,IGK,IGKV3-15,None,IGKJ2,IGKC,True,True,CQQYNDWPPMYTF,TGTCAGCAGTATAATGACTGGCCTCCGATGTACACTTTT,479,41
clonotype349,clonotype349_consensus_1,665,IGH,IGHV4-4,IGHD3-10,IGHJ6,IGHG1,True,True,CARFIRHHYSGTYSYDYVYAMDVW,TGCGCGAGATTTATAAGGCACCATTATTCGGGGACTTACAGTTATGACTACGTCTACGCCATGGACGTCTGG,215,21
clonotype349,clonotype349_consensus_2,558,IGK,IGKV3-20,None,IGKJ5,IGKC,True,True,CQQFGGSWITF,TGTCAGCAATTTGGTGGCTCCTGGATCACCTTC,2769,232
clonotype34,clonotype34_consensus_1,642,IGL,IGLV2-14,None,IGLJ2,IGLC2,True,True,CSHTSSNTLVF,TGTTCACATACATCCAGCAACACTCTGGTTTTC,2100,211
clonotype34,clonotype34_consensus_2,676,IGH,IGHV4-61,IGHD2-15,IGHJ3,IGHG2,True,True,CAAVVVAAPSAPDFW,TGTGCGGCCGTTGTCGTGGCGGCACCTAGTGCTCCTGATTTCTGG,976,95
clonotype350,clonotype350_consensus_1,620,IGH,IGHV4-59,None,IGHJ3,IGHA2,True,True,CARTNAFDIW,TGTGCGAGAACTAATGCTTTTGATATTTGG,17677,1637
clonotype350,clonotype350_consensus_2,845,IGK,IGKV3-20,None,IGKJ3,IGKC,True,True,CQQYGSTPFTF,TGTCAGCAGTATGGTTCCACACCCTTCACCTTC,55301,4307
clonotype351,clonotype351_consensus_1,734,IGL,IGLV1-44,None,IGLJ2,IGLC2,True,True,CAAWDDSLNGPVF,TGTGCAGCTTGGGATGACAGCCTGAACGGTCCGGTTTTC,4824,465
clonotype351,clonotype351_consensus_2,700,IGH,IGHV3-15,IGHD2-2,IGHJ3,IGHG1,True,True,CTTDRYCSGTTCPAAFDVW,TGTACCACAGATCGATATTGTAGCGGTACCACCTGCCCTGCTGCTTTTGATGTCTGG,1214,141
clonotype352,clonotype352_consensus_1,682,IGL,IGLV3-1,None,IGLJ3,IGLC2,True,True,CQAWDISTAVVF,TGTCAGGCGTGGGACATCAGCACTGCCGTGGTGTTC,11338,1063
clonotype352,clonotype352_consensus_2,652,IGH,IGHV1-46,IGHD1-1,IGHJ6,IGHA1,True,True,CARGNWNPPPHEYYMDVW,TGTGCGAGAGGCAACTGGAACCCGCCTCCGCATGAATACTACATGGACGTCTGG,4290,421
clonotype352,clonotype352_consensus_3,719,IGH,IGHV4-59,IGHD2-15,IGHJ4,IGHG1,True,True,CARARDLSTVGGIDYW,TGTGCGAGAGCGCGCGACCTCTCGACGGTAGGAGGAATTGACTACTGG,2740,248
clonotype353,clonotype353_consensus_1,667,IGH,IGHV4-59,IGHD4-4,IGHJ4,IGHG1,True,True,CARGKGTQTTYFDYW,TGTGCGAGAGGGAAAGGCACTCAAACTACATACTTTGACTACTGG,2638,276
clonotype353,clonotype353_consensus_2,632,IGL,IGLV3-1,None,IGLJ2,IGLC2,True,True,CQAWDSSTVIF,TGTCAGGCGTGGGACAGCAGCACTGTAATATTC,12456,1134
clonotype354,clonotype354_consensus_1,683,IGK,IGKV1D-39,None,IGKJ3,IGKC,True,True,CQQSYSTPIFTF,TGTCAACAGAGTTACAGTACTCCTATATTCACTTTC,28358,2340
clonotype354,clonotype354_consensus_2,687,IGH,IGHV3-53,IGHD5-18,IGHJ4,IGHG1,True,True,CARERGYSYGHHPYYFDYW,TGTGCGAGAGAACGTGGATACAGCTATGGCCACCACCCTTACTACTTTGACTACTGG,3630,326
clonotype355,clonotype355_consensus_1,693,IGK,IGKV2D-29,None,IGKJ1,IGKC,True,True,CLQGIQLPWTF,TGCCTGCAAGGTATACAACTTCCTTGGACGTTC,42664,3472
clonotype355,clonotype355_consensus_2,689,IGH,IGHV3-15,None,IGHJ4,IGHG2,True,True,CTTSRHW,TGTACCACTTCCCGCCACTGG,4766,449
clonotype356,clonotype356_consensus_1,684,IGH,IGHV3-7,IGHD2-15,IGHJ4,IGHG2,True,True,CAREGRAVVGSALYW,TGTGCGAGAGAGGGACGAGCTGTGGTGGGATCTGCTCTCTACTGG,4685,447
clonotype356,clonotype356_consensus_2,648,IGL,IGLV2-14,None,IGLJ1,IGLC1,True,True,CSSYTSSSTRVF,TGCAGCTCATATACAAGCAGCAGCACTCGTGTCTTC,14057,1314
clonotype357,clonotype357_consensus_1,705,IGL,IGLV1-40,None,IGLJ3,IGLC3,True,True,CQSYDKRLSGRVF,TGCCAGTCTTATGACAAGCGCCTCAGTGGCCGGGTTTTC,6733,636
clonotype357,clonotype357_consensus_2,667,IGH,IGHV1-3,IGHD2-8,IGHJ4,IGHG2,True,True,CARADTVLMVYPKDYFDYW,TGTGCGAGAGCCGATACAGTTCTGATGGTTTATCCTAAGGACTACTTTGACTACTGG,9109,922
clonotype358,clonotype358_consensus_1,648,IGH,IGHV3-23,IGHD3-16,IGHJ5,IGHA1,True,True,CVKDTTVLGAW,TGTGTGAAAGACACCACGGTGTTGGGGGCCTGG,1114,98
clonotype358,clonotype358_consensus_2,568,IGK,IGKV2-30,None,IGKJ1,IGKC,True,True,CMQGTHWPRTF,TGCATGCAAGGTACACACTGGCCTAGGACGTTC,893,76
clonotype359,clonotype359_consensus_1,851,IGK,IGKV1-27,None,IGKJ1,IGKC,True,True,CQKYTTLPWTF,TGTCAAAAGTATACCACTTTGCCCTGGACCTTC,90041,6623
clonotype359,clonotype359_consensus_2,706,IGH,IGHV5-51,IGHD2-2,IGHJ6,IGHA2,True,True,CARLGCSTTSCYKSAVKNGMDVW,TGTGCAAGACTGGGTTGTAGTACTACCAGCTGCTATAAGTCGGCTGTAAAAAATGGTATGGACGTCTGG,17306,1445
clonotype35,clonotype35_consensus_1,639,IGH,IGHV1-3,IGHD5-12,IGHJ4,IGHG2,True,True,CARADIGDHW,TGTGCGAGAGCCGATATAGGGGACCACTGG,3492,315
clonotype360,clonotype360_consensus_1,685,IGH,IGHV1-69-2,IGHD3-10,IGHJ4,IGHG1,True,True,CARFAYGSGNFYIGDQIFDFW,TGTGCGAGATTTGCCTATGGTTCGGGAAATTTTTATATAGGGGACCAAATTTTTGATTTCTGG,7449,686
clonotype360,clonotype360_consensus_2,766,IGK,IGKV1-12,None,IGKJ5,IGKC,True,True,CQQLNSFPVTF,TGTCAACAACTTAACAGTTTCCCGGTCACCTTC,83912,6276
clonotype361,clonotype361_consensus_1,462,IGK,IGKV3-20,None,IGKJ1,IGKC,True,True,CQQYGTSPWMF,TGTCAGCAGTATGGTACGTCACCGTGGATGTTC,230,22
clonotype362,clonotype362_consensus_1,552,IGK,IGKV1-33,None,IGKJ5,IGKC,True,True,CQQYHNLPLTF,TGTCAGCAGTATCATAATCTCCCCCTCACCTTC,148,13
clonotype363,clonotype363_consensus_1,690,IGL,IGLV2-11,None,IGLJ3,IGLC3,True,True,CASGGAGGGTYSWVF,TGCGCAAGTGGAGGCGCAGGTGGAGGCACCTACAGTTGGGTCTTC,20808,2047
clonotype363,clonotype363_consensus_2,723,IGH,IGHV3-33,IGHD3-16,IGHJ6,IGHG2,True,True,CATWRGDLGGRGLDVW,TGTGCGACTTGGAGGGGGGATTTAGGGGGACGCGGTTTGGACGTCTGG,6135,612
clonotype364,clonotype364_consensus_1,686,IGK,IGKV2-24,None,IGKJ1,IGKC,True,True,CSQATQMEWTF,TGCTCGCAAGCCACACAAATGGAGTGGACGTTC,14015,1138
clonotype364,clonotype364_consensus_2,636,IGH,IGHV1-46,None,IGHJ3,IGHA2,True,True,CVRDKEAFDVW,TGTGTGAGAGATAAAGAGGCCTTTGATGTCTGG,17680,1500
clonotype365,clonotype365_consensus_1,725,IGH,IGHV3-7,IGHD3-10,IGHJ5,IGHG2,True,True,CAREGVGAYDLW,TGTGCGAGAGAGGGTGTCGGGGCCTATGACCTCTGG,6978,665
clonotype365,clonotype365_consensus_2,654,IGL,IGLV2-11,None,IGLJ3,IGLC3,True,True,CYSHLNKVF,TGCTACTCACATTTAAATAAGGTGTTC,9873,1027
clonotype366,clonotype366_consensus_1,568,IGK,IGKV4-1,None,IGKJ2,IGKC,True,True,CHQYYTTPHTF,TGTCACCAATATTATACTACTCCTCACACTTTT,247,21
clonotype367,clonotype367_consensus_1,523,IGK,IGKV3-15,None,IGKJ3,IGKC,True,True,CQQYNTWPETF,TGTCAGCAGTATAATACCTGGCCGGAAACTTTC,140,12
clonotype367,clonotype367_consensus_2,634,IGH,IGHV1-69-2,IGHD6-13,IGHJ5,IGHA1,True,True,CARPTSTAEAGANWFDPW,TGTGCGAGACCCACGTCAACAGCCGAAGCTGGTGCGAACTGGTTCGACCCCTGG,118,9
clonotype36,clonotype36_consensus_1,671,IGH,IGHV3-7,IGHD3-10,IGHJ5,IGHG2,True,True,CAREGVGAYDLW,TGTGCGAGAGAGGGTGTCGGGGCCTATGACCTCTGG,994,98
clonotype37,clonotype37_consensus_1,664,IGH,IGHV3-30,IGHD3-22,IGHJ4,IGHA1,True,True,CARDRGDSGGYYPVYW,TGTGCGAGAGACCGGGGTGATAGTGGTGGTTATTACCCAGTCTACTGG,7981,708
clonotype37,clonotype37_consensus_2,664,IGL,IGLV1-47,None,IGLJ2,IGLC2,True,True,CAAWDDRLRGLVF,TGTGCAGCATGGGATGACAGACTGAGGGGTCTGGTATTC,11695,1122
clonotype38,clonotype38_consensus_1,552,IGK,IGKV1-9,None,IGKJ4,IGKC,True,True,CQQVMIYPLTF,TGTCAACAAGTTATGATTTACCCACTCACTTTC,712,57
clonotype39,clonotype39_consensus_1,554,IGK,IGKV1-12,None,IGKJ2,IGKC,True,True,CQQANSFPYTF,TGTCAACAGGCTAACAGTTTCCCGTACACTTTT,3304,299
clonotype3,clonotype3_consensus_1,557,IGK,IGKV1-27,None,IGKJ1,IGKC,True,True,CQKYYSVPWTF,TGTCAAAAGTATTACAGTGTCCCGTGGACGTTC,7007,605
clonotype40,clonotype40_consensus_1,573,IGK,IGKV1-12,None,IGKJ4,IGKC,True,True,CQQGNVFPLTF,TGTCAACAGGGTAACGTTTTCCCCCTCACTTTC,18923,1651
clonotype40,clonotype40_consensus_2,670,IGH,IGHV3-74,IGHD3-9,IGHJ4,IGHG2,True,True,CVRDRPGDWHYFDYW,TGTGTAAGAGACCGCCCCGGCGACTGGCACTACTTTGACTACTGG,3268,311
clonotype41,clonotype41_consensus_1,711,IGH,IGHV3-49,IGHD2-15,IGHJ4,IGHG1,True,True,CVRGRIGGGPRSQIFDYW,TGTGTTAGAGGCCGAATCGGAGGTGGTCCCCGATCCCAAATTTTTGACTACTGG,2600,256
clonotype41,clonotype41_consensus_2,599,IGK,IGKV3-15,None,IGKJ3,IGKC,True,True,CQQYNYWPPFF,TGTCAGCAGTATAATTACTGGCCTCCCTTTTTC,34216,2825
clonotype42,clonotype42_consensus_1,746,IGH,IGHV3-15,IGHD2-8,IGHJ6,IGHG2,True,True,CATSMVPEDYLAVW,TGTGCCACCTCGATGGTCCCCGAGGACTACTTGGCCGTCTGG,3734,332
clonotype42,clonotype42_consensus_2,683,IGK,IGKV1-5,None,IGKJ5,IGKC,True,True,CQQFNSDLGITF,TGCCAACAGTTTAATAGTGATTTGGGGATCACCTTC,35333,2795
clonotype43,clonotype43_consensus_1,727,IGK,IGKV2D-29,None,IGKJ2,IGKC,True,True,CMQGIQLPYTF,TGCATGCAAGGTATACAGCTTCCGTACACTTTT,145186,11678
clonotype43,clonotype43_consensus_2,728,IGH,IGHV6-1,IGHD6-6,IGHJ4,IGHG2,True,True,CARIGHRGISTRPFFDYW,TGTGCAAGAATCGGGCATCGGGGCATATCAACTCGACCCTTCTTTGACTACTGG,40845,3486
clonotype44,clonotype44_consensus_1,694,IGL,IGLV1-47,None,IGLJ2,IGLC3,True,True,CAAWDDSRWVF,TGTGCAGCATGGGATGACAGCCGTTGGGTGTTC,734,72
clonotype45,clonotype45_consensus_1,696,IGH,IGHV3-7,IGHD6-13,IGHJ5,IGHG2,True,True,CARGPHRAGAGGSW,TGTGCGAGGGGGCCCCACAGAGCAGGAGCCGGGGGCTCCTGG,8606,855
clonotype45,clonotype45_consensus_2,698,IGK,IGKV2-30,None,IGKJ1,IGKC,True,True,CMQATHWPWTF,TGCATGCAGGCTACACACTGGCCGTGGACGTTC,63797,5222
clonotype46,clonotype46_consensus_1,697,IGH,IGHV3-15,IGHD2-8,IGHJ6,IGHG2,True,True,CATSMVPEDYLAVW,TGTGCCACCTCGATGGTCCCCGAGGACTACTTGGCCGTCTGG,11885,1269
clonotype46,clonotype46_consensus_2,677,IGK,IGKV1-5,None,IGKJ5,IGKC,True,True,CQQFNSNLGITF,TGCCAGCAGTTTAATAGTAATTTAGGGATCACCTTC,117711,9099
clonotype47,clonotype47_consensus_1,697,IGH,IGHV6-1,IGHD6-6,IGHJ2,IGHG2,True,True,CARRGDHNSYYDLW,TGTGCAAGGCGAGGGGACCATAACAGCTACTACGATCTCTGG,47521,4008
clonotype47,clonotype47_consensus_2,676,IGK,IGKV2D-28,None,IGKJ2,IGKC,True,True,CMQGLQTPYTF,TGCATGCAAGGTCTACAAACCCCCTACACTTTT,150026,11867
clonotype48,clonotype48_consensus_1,689,IGK,IGKV2D-28,None,IGKJ5,IGKC,True,True,CMQSLQIPLAF,TGCATGCAGTCTCTACAAATTCCTCTGGCCTTC,29040,2532
clonotype49,clonotype49_consensus_1,647,IGH,IGHV3-7,IGHD6-13,IGHJ4,IGHA2,True,True,CASARRHDHW,TGTGCGAGTGCCAGGAGGCATGACCACTGG,12687,1098
clonotype49,clonotype49_consensus_2,661,IGK,IGKV1-16,None,IGKJ4,IGKC,True,True,CQQSHSYPLTF,TGCCAACAGTCTCATAGTTACCCGCTCACTTTC,20986,1778
clonotype4,clonotype4_consensus_1,599,IGK,IGKV1-12,None,IGKJ5,IGKC,True,True,CLQGESYPLTF,TGTCTACAGGGTGAGAGTTACCCTCTCACCTTC,31531,2774
clonotype50,clonotype50_consensus_1,666,IGH,IGHV4-39,IGHD3-22,IGHJ4,IGHA1,True,True,CTRHPLLNYHYSGGYYPGGFLEYW,TGTACGAGACATCCTCTACTCAATTATCATTATAGTGGTGGTTATTACCCCGGAGGGTTTTTGGAGTACTGG,1039,91
clonotype50,clonotype50_consensus_2,575,IGK,IGKV3-15,None,IGKJ2,IGKC,True,True,CQQYNDWPPAYTF,TGTCAGCAGTATAATGACTGGCCTCCGGCGTACACTTTT,3720,311
clonotype51,clonotype51_consensus_1,642,IGH,IGHV4-59,IGHD3-16,IGHJ5,IGHA2,True,True,CARGSGREWFDPW,TGTGCGAGAGGGTCAGGTCGGGAGTGGTTCGACCCCTGG,10061,911
clonotype51,clonotype51_consensus_2,646,IGL,IGLV2-14,None,IGLJ2,IGLC2,True,True,CGSYTTSNTQIF,TGCGGCTCCTATACAACCAGCAACACTCAAATATTC,5450,553
clonotype52,clonotype52_consensus_1,641,IGL,IGLV2-11,None,IGLJ3,IGLC3,True,True,CTSDAGDNNWLF,TGCACCTCAGATGCAGGCGATAACAATTGGCTGTTC,523,50
clonotype53,clonotype53_consensus_1,685,IGH,IGHV1-18,IGHD5-24,IGHJ5,IGHG2,True,True,CARGRGGLLDLW,TGTGCGAGAGGACGAGGTGGCCTCCTTGACCTCTGG,1935,160
clonotype53,clonotype53_consensus_2,681,IGK,IGKV3-15,None,IGKJ4,IGKC,True,True,CQQYNDWPGLTF,TGTCAGCAGTATAATGACTGGCCGGGGCTCACTTTC,3541,295
clonotype54,clonotype54_consensus_1,718,IGH,IGHV3-15,IGHD2-15,IGHJ3,IGHG1,True,True,CTTDRECSGTSCPGAFDVW,TGTACCACAGATCGAGAATGTAGCGGTACTTCCTGCCCTGGTGCTTTTGATGTCTGG,1743,167
clonotype54,clonotype54_consensus_2,653,IGL,IGLV1-44,None,IGLJ2,IGLC2,True,True,CAAWDDSLNGPVF,TGTGCAGCTTGGGATGACAGCCTGAACGGTCCGGTTTTC,8834,820
clonotype55,clonotype55_consensus_1,649,IGH,IGHV5-51,IGHD1-1,IGHJ4,IGHA2,True,True,CTLGKHGTSYYDFW,TGTACTTTAGGGAAACATGGTACAAGCTACTACGATTTCTGG,1140,108
clonotype56,clonotype56_consensus_1,592,IGK,IGKV4-1,None,IGKJ2,IGKC,True,True,CQQYYSIPPAF,TGTCAGCAATATTATAGTATTCCTCCGGCTTTT,16988,1471
clonotype56,clonotype56_consensus_2,692,IGH,IGHV3-15,IGHD1OR15-1A,IGHJ4,IGHG2,True,True,CTTDMEGGGAPRFDHW,TGTACCACAGATATGGAAGGGGGGGGGGCGCCCCGCTTTGACCACTGG,1869,173
clonotype57,clonotype57_consensus_1,555,IGK,IGKV1-27,None,IGKJ1,IGKC,True,True,CQKYSNVPWTF,TGTCAAAAGTATTCCAATGTTCCCTGGACGTTC,4025,346
clonotype58,clonotype58_consensus_1,550,IGK,IGKV1-5,None,IGKJ5,IGKC,True,True,CQQYDSFITF,TGCCAACAGTATGATAGTTTTATCACTTTC,1017,92
clonotype59,clonotype59_consensus_1,676,IGK,IGKV1-5,None,IGKJ1,IGKC,True,True,CQQYTSSSKTF,TGCCAACAGTATACTAGTTCTTCGAAGACGTTC,34348,2752
clonotype59,clonotype59_consensus_2,685,IGH,IGHV3-15,IGHD2-8,IGHJ3,IGHG2,True,True,CVTDNGAKAFDVW,TGTGTCACAGATAATGGGGCGAAGGCTTTTGATGTCTGG,2688,259
clonotype5,clonotype5_consensus_1,681,IGK,IGKV3-20,None,IGKJ1,IGKC,True,True,CQQYDTPAPWTF,TGTCAGCAGTATGACACCCCAGCCCCCTGGACGTTC,8270,703
clonotype60,clonotype60_consensus_1,553,IGK,IGKV1D-39,None,IGKJ2,IGKC,True,True,CQQSFTTPHTF,TGTCAACAGAGTTTCACTACCCCTCACACTTTT,1542,129
clonotype61,clonotype61_consensus_1,687,IGH,IGHV3-15,IGHD3-10,IGHJ3,IGHG2,True,True,CTTGDLLNW,TGTACCACCGGAGACCTATTAAATTGG,515,48
clonotype61,clonotype61_consensus_2,671,IGL,IGLV2-11,None,IGLJ3,IGLC3,True,True,CTSDAGDNNWLF,TGCACCTCAGATGCAGGCGATAACAATTGGCTGTTC,1360,135
clonotype62,clonotype62_consensus_1,560,IGK,IGKV3-20,None,IGKJ4,IGKC,True,True,CQQVFRSPQTF,TGTCAGCAGGTTTTTAGATCACCTCAGACTTTC,2702,235
clonotype63,clonotype63_consensus_1,583,IGK,IGKV1-12,None,IGKJ2,IGKC,True,True,CQQANSFPYTF,TGTCAACAGGCTAACAGTTTCCCGTACACTTTT,6529,561
clonotype63,clonotype63_consensus_2,676,IGH,IGHV3-21,IGHD6-19,IGHJ4,IGHG1,True,True,CARDSSSGWLDYW,TGTGCGAGAGATTCGAGCAGTGGCTGGCTTGACTACTGG,602,60
clonotype64,clonotype64_consensus_1,578,IGK,IGKV1-5,None,IGKJ5,IGKC,True,True,CQQYNSDLGVTF,TGCCAACAGTATAATAGTGATTTAGGGGTCACGTTC,3485,298
clonotype64,clonotype64_consensus_2,684,IGH,IGHV3-15,IGHD3-22,IGHJ6,IGHG2,True,True,CATSIVPEDYLAVW,TGTGCCACCTCGATAGTCCCCGAGGACTACTTGGCCGTCTGG,230,22
clonotype65,clonotype65_consensus_1,554,IGK,IGKV1-17,None,IGKJ1,IGKC,True,True,CLHHNAFPWTF,TGTCTACACCATAATGCTTTCCCGTGGACTTTC,4237,373
clonotype65,clonotype65_consensus_2,668,IGH,IGHV1-18,IGHD3-3,IGHJ6,IGHA1,True,True,CARGQSHDFWSGYYTPEDYFYGMDVW,TGTGCGAGAGGCCAGTCTCACGATTTCTGGAGTGGTTACTATACCCCGGAGGACTACTTCTACGGTATGGACGTCTGG,965,88
clonotype66,clonotype66_consensus_1,854,IGK,IGKV4-1,None,IGKJ2,IGKC,True,True,CQQYFSTPNTF,TGTCAGCAATATTTTAGTACTCCTAACACTTTT,176138,12977
clonotype66,clonotype66_consensus_2,749,IGH,IGHV3-48,IGHD3-3,IGHJ3,IGHG2,True,True,CTRDAPFLDWSLEPRDAFDMW,TGTACGAGAGATGCCCCATTTTTGGATTGGTCTTTAGAACCTCGAGATGCTTTTGATATGTGG,15546,1407
clonotype67,clonotype67_consensus_1,645,IGL,IGLV3-1,None,IGLJ1,IGLC1,True,True,CQAWDSSASYVF,TGTCAGGCGTGGGACAGCAGCGCTTCTTATGTCTTC,30970,2982
clonotype67,clonotype67_consensus_2,690,IGH,IGHV1-18,IGHD3-22,IGHJ4,IGHA1,True,True,CARVVTTIGDVSATAGGDYFDRW,TGTGCGAGAGTGGTTACTACGATAGGAGACGTTAGTGCGACGGCGGGGGGGGACTACTTTGACCGCTGG,27269,2609
clonotype68,clonotype68_consensus_1,723,IGH,IGHV6-1,IGHD6-6,IGHJ2,IGHG2,True,True,CARRGEHNSYYDLW,TGTGCAAGGCGAGGGGAGCATAACAGCTACTACGATCTCTGG,17034,1426
clonotype68,clonotype68_consensus_2,693,IGK,IGKV2D-28,None,IGKJ2,IGKC,True,True,CMQGLQTPYTF,TGCATGCAAGGTCTACAAACCCCCTACACTTTT,57629,4519
clonotype69,clonotype69_consensus_1,627,IGH,IGHV4-59,IGHD3OR15-3A,IGHJ3,IGHA1,True,True,CASVFTYDFWRGPKIFFDIW,TGTGCGAGTGTTTTTACTTATGATTTTTGGAGGGGCCCTAAGATTTTTTTTGATATCTGG,191,17
clonotype69,clonotype69_consensus_2,557,IGK,IGKV3D-20,None,IGKJ5,IGKC,True,True,CQQYGSSPVTF,TGTCAGCAGTATGGTAGCTCACCTGTCACCTTC,590,51
clonotype6,clonotype6_consensus_1,738,IGK,IGKV3-20,None,IGKJ1,IGKC,True,True,CQQYGSSPRTF,TGTCAGCAGTATGGTAGCTCACCTCGGACGTTC,34457,2954
clonotype70,clonotype70_consensus_1,705,IGH,IGHV3-33,IGHD1-26,IGHJ6,IGHG1,True,True,CARLGGIVGEYYYYGLDVW,TGTGCGAGACTGGGGGGAATAGTGGGAGAATATTACTATTATGGTTTGGACGTCTGG,2131,194
clonotype70,clonotype70_consensus_2,677,IGK,IGKV1-12,None,IGKJ2,IGKC,True,True,CQQTKSFPYSF,TGTCAACAGACTAAGAGTTTCCCGTACTCTTTT,31754,2466
clonotype71,clonotype71_consensus_1,555,IGK,IGKV3-15,None,IGKJ4,IGKC,True,True,CQHYNEWPLTF,TGTCAGCACTATAATGAGTGGCCGCTCACTTTC,1205,99
clonotype72,clonotype72_consensus_1,682,IGH,IGHV3-23,IGHD3-16,IGHJ4,IGHG3,True,True,CAKDSSPVITALDHW,TGTGCGAAAGATTCGTCGCCAGTGATTACAGCGCTTGACCACTGG,605,62
clonotype72,clonotype72_consensus_2,666,IGL,IGLV4-69,None,IGLJ2,IGLC2,True,True,CQTWATGSHVVF,TGTCAGACCTGGGCCACTGGCTCCCATGTGGTATTC,1366,129
clonotype73,clonotype73_consensus_1,566,IGK,IGKV3-15,None,IGKJ1,IGKC,True,True,CQQYNQWPPKTF,TGTCAACAATATAATCAGTGGCCTCCGAAGACGTTC,486,47
clonotype74,clonotype74_consensus_1,667,IGL,IGLV2-11,None,IGLJ1,IGLC1,True,True,CSSYGSSNNFYVF,TGCAGCTCATATGGAAGCAGTAACAATTTTTATGTCTTC,30390,2830
clonotype74,clonotype74_consensus_2,655,IGH,IGHV1-3,IGHD3-10,IGHJ4,IGHG1,True,True,CALEGGNFGLDLDYW,TGTGCCCTAGAGGGGGGTAATTTCGGTTTAGACCTTGACTACTGG,8290,784
clonotype75,clonotype75_consensus_1,787,IGK,IGKV3-20,None,IGKJ4,IGKC,True,True,CQQVFSSPQTF,TGTCAACAGGTTTTTAGCTCACCTCAGACTTTC,35387,2855
clonotype75,clonotype75_consensus_2,695,IGH,IGHV1-69-2,IGHD2-21,IGHJ4,IGHG2,True,True,CAKWAAICESGDCYEVSFDYW,TGTGCGAAATGGGCCGCAATTTGTGAGAGTGGCGATTGCTATGAGGTCTCTTTTGACTATTGG,4356,450
clonotype76,clonotype76_consensus_1,552,IGK,IGKV1-5,None,IGKJ1,IGKC,True,True,CQQYTSSSKTF,TGCCAACAGTATACTAGTTCTTCGAAGACGTTC,312,28
clonotype77,clonotype77_consensus_1,552,IGK,IGKV3-11,None,IGKJ3,IGKC,True,True,CLQRSNWPFTF,TGTCTACAGCGTAGCAATTGGCCCTTCACTTTC,402,34
clonotype78,clonotype78_consensus_1,654,IGL,IGLV10-54,None,IGLJ3,IGLC2,True,True,CSTWDTSLSAWVF,TGCTCAACATGGGACACCAGCCTCAGTGCTTGGGTGTTC,16968,1825
clonotype78,clonotype78_consensus_2,682,IGH,IGHV1-46,IGHD1-1,IGHJ4,IGHG1,True,True,CAREMHGPTSDFDYW,TGTGCGAGAGAGATGCATGGACCGACGTCGGACTTTGACTACTGG,34056,3152
clonotype79,clonotype79_consensus_1,673,IGH,IGHV4-61,IGHD1OR15-1A,IGHJ4,IGHG2,True,True,CARGNNNDWRLDSW,TGTGCGAGAGGGAACAACAACGATTGGAGACTTGACTCCTGG,3494,344
clonotype79,clonotype79_consensus_2,694,IGK,IGKV4-1,None,IGKJ5,IGKC,True,True,CQEYYNNAAF,TGTCAAGAATACTATAATAATGCCGCCTTC,35243,2817
clonotype7,clonotype7_consensus_1,573,IGK,IGKV1-8,None,IGKJ2,IGKC,True,True,CLQSYTYPYTF,TGTCTACAGTCTTATACTTATCCGTACACTTTT,2549,233
clonotype80,clonotype80_consensus_1,641,IGL,IGLV2-23,None,IGLJ2,IGLC2,True,True,CSYAGSSTLIF,TGCTCATATGCAGGTAGTAGCACTTTGATATTC,1317,129
clonotype80,clonotype80_consensus_2,665,IGH,IGHV3-33,IGHD3-10,IGHJ3,IGHA1,True,True,CARDRGQWGLNYAFDVW,TGTGCGAGAGATCGGGGACAGTGGGGCCTAAACTATGCTTTTGATGTCTGG,805,75
clonotype81,clonotype81_consensus_1,556,IGK,IGKV1-9,None,IGKJ5,IGKC,True,True,CQQLNSYPRTF,TGTCAACAGCTTAATAGTTACCCTCGCACCTTC,827,69
clonotype82,clonotype82_consensus_1,560,IGK,IGKV3-11,None,IGKJ1,IGKC,True,True,CQNRRHWPGTF,TGTCAGAACCGTAGACACTGGCCTGGGACGTTC,882,74
clonotype83,clonotype83_consensus_1,681,IGH,IGHV3-33,IGHD5-24,IGHJ5,IGHG2,True,True,CARSRDGHAHGYSW,TGTGCGCGTAGTAGAGATGGCCACGCTCATGGGTATTCCTGG,4019,397
clonotype84,clonotype84_consensus_1,714,IGH,IGHV3-7,IGHD6-13,IGHJ4,IGHG1,True,True,CARPAWSSSWWGDHW,TGTGCGAGGCCAGCTTGGAGTAGCAGCTGGTGGGGGGACCACTGG,3545,326
clonotype84,clonotype84_consensus_2,676,IGK,IGKV3-11,None,IGKJ1,IGKC,True,True,CQNRRHWPGTF,TGTCAGAACCGTAGACACTGGCCTGGGACGTTC,40151,3157
clonotype85,clonotype85_consensus_1,680,IGH,IGHV1-69-2,IGHD3-22,IGHJ3,IGHG1,True,True,CARGLYERVRDSYYYFGLDIW,TGTGCGAGAGGGCTGTACGAGAGAGTCAGGGATTCTTATTACTACTTCGGTTTGGACATCTGG,668,65
clonotype85,clonotype85_consensus_2,571,IGK,IGKV3-15,None,IGKJ1,IGKC,True,True,CQQYDNWPWTF,TGTCAGCAGTATGATAACTGGCCGTGGACGTTC,5377,457
clonotype86,clonotype86_consensus_1,420,IGK,IGKV1D-39,None,IGKJ3,None,True,True,CQHSYSTHFTF,TGTCAACACAGTTACAGTACCCATTTCACTTTC,147,13
clonotype87,clonotype87_consensus_1,662,IGH,IGHV3-30,IGHD3-16,IGHJ4,IGHA1,True,True,CAKESKLRGLWDYFDYW,TGTGCGAAAGAGTCGAAATTACGCGGGCTTTGGGACTACTTTGACTACTGG,101,10
clonotype87,clonotype87_consensus_2,450,IGL,IGLV3-21,None,IGLJ3,IGLC2,True,True,CQVSDSSSFFWVF,TGTCAGGTGTCGGATAGTAGTAGTTTTTTTTGGGTGTTC,122,13
clonotype88,clonotype88_consensus_1,451,IGK,IGKV1D-39,None,IGKJ1,IGKC,True,True,CQQSYSTPWTF,TGTCAACAGAGTTACAGTACCCCGTGGACGTTC,128,11
clonotype89,clonotype89_consensus_1,519,IGL,IGLV2-23,None,IGLJ3,IGLC2,True,True,CSYAGSRTFVVF,TGCTCATATGCAGGTAGTAGAACTTTCGTGGTGTTC,286,27
clonotype89,clonotype89_consensus_2,486,IGH,IGHV4-34,IGHD3-10,IGHJ4,IGHG1,True,True,CARENGELYPTFFYW,TGTGCGCGCGAAAACGGGGAGTTATATCCCACTTTCTTCTACTGG,350,32
clonotype8,clonotype8_consensus_1,678,IGH,IGHV4-61,IGHD3-22,IGHJ5,IGHG2,True,True,CARRYYDSGGPFDPW,TGTGCGAGGAGATATTATGATAGTGGTGGTCCCTTCGACCCCTGG,7742,695
clonotype8,clonotype8_consensus_2,608,IGK,IGKV1D-39,None,IGKJ2,IGKC,True,True,CQQSFTTPHTF,TGTCAACAGAGTTTCACTACCCCTCACACTTTT,26117,2203
clonotype90,clonotype90_consensus_1,979,IGH,IGHV3-43,IGHD4-4,IGHJ6,IGHG1,True,True,CAKDLYSRPNYYFFYYMDVW,TGTGCAAAAGATCTCTACAGTAGACCGAACTACTACTTCTTCTACTACATGGACGTCTGG,7576,683
clonotype90,clonotype90_consensus_2,748,IGK,IGKV3-11,None,IGKJ4,IGKC,True,True,CQQRNTWPSVSF,TGTCAGCAGCGTAACACCTGGCCTTCGGTCAGTTTC,105073,7445
clonotype91,clonotype91_consensus_1,659,IGL,IGLV2-11,None,IGLJ2,IGLC2,True,True,CSSYAGSNNFRF,TGCAGCTCATATGCAGGCAGCAACAATTTCCGATTC,8254,789
clonotype91,clonotype91_consensus_2,688,IGH,IGHV4-39,IGHD2-15,IGHJ6,IGHG2,True,True,CARVTGDYCSGGRCNSYQYYGMDVW,TGTGCGAGAGTTACCGGAGACTATTGTAGTGGTGGTCGATGTAACAGCTACCAGTACTACGGTATGGACGTCTGG,15517,1544
clonotype92,clonotype92_consensus_1,636,IGL,IGLV2-11,None,IGLJ3,IGLC3,True,True,CYSHARKVF,TGCTACTCACATGCCCGAAAAGTGTTC,7887,789
clonotype93,clonotype93_consensus_1,643,IGH,IGHV2-26,IGHD3-3,IGHJ5,IGHG1,True,True,CARIINDDFWTGTYRGNWFDPW,TGTGCACGGATTATCAATGACGATTTTTGGACTGGTACTTATCGGGGGAACTGGTTCGACCCCTGG,1056,108
clonotype94,clonotype94_consensus_1,695,IGH,IGHV3-43,IGHD6-13,IGHJ5,IGHA1,True,True,CAREAPSGTRWFDSW,TGTGCAAGAGAAGCACCATCTGGTACAAGGTGGTTCGACTCCTGG,4574,483
clonotype94,clonotype94_consensus_2,678,IGK,IGKV1D-39,None,IGKJ1,IGKC,True,True,CQQSYSAPRTF,TGTCAACAGAGTTACAGTGCCCCTCGGACGTTC,18338,1569
clonotype95,clonotype95_consensus_1,580,IGH,IGHV4-59,IGHD2-21,IGHJ4,IGHM,True,True,CGRAQTANFEYW,TGTGGGAGGGCGCAGACCGCGAACTTTGAATATTGG,23896,2035
clonotype95,clonotype95_consensus_2,644,IGL,IGLV7-43,None,IGLJ3,IGLC3,True,True,CLLFYGGAWVF,TGCCTGCTCTTCTATGGTGGTGCTTGGGTGTTC,12734,1288
clonotype96,clonotype96_consensus_1,647,IGL,IGLV3-1,None,IGLJ1,IGLC1,True,True,CQAWDSSTRVF,TGTCAGGCGTGGGACAGTAGTACTAGAGTCTTC,4468,356
clonotype97,clonotype97_consensus_1,519,IGL,IGLV2-14,None,IGLJ1,IGLC1,True,True,CSSYRSSTRVF,TGCAGCTCGTATAGAAGCAGTACTCGCGTCTTC,558,54
clonotype98,clonotype98_consensus_1,566,IGK,IGKV3-15,None,IGKJ4,IGKC,True,True,CHQYNNWPPIF,TGTCACCAGTATAATAACTGGCCTCCGATTTTC,553,48
clonotype99,clonotype99_consensus_1,554,IGK,IGKV1-27,None,IGKJ1,IGKC,True,True,CQKYNSASWTF,TGTCAAAAGTATAACAGTGCCTCGTGGACGTTC,309,26
clonotype9,clonotype9_consensus_1,554,IGK,IGKV1-27,None,IGKJ1,IGKC,True,True,CQKYYSVPWTF,TGTCAAAAGTATTACAGTGTCCCGTGGACGTTC,2248,197
clonotype9,clonotype9_consensus_2,576,IGK,IGKV1-8,None,IGKJ2,IGKC,True,True,CLQSYTYPYTF,TGTCTACAGTCTTATACTTATCCGTACACTTTT,2468,219
